-- MySQL dump 10.13  Distrib 8.0.36, for Win64 (x86_64)
--
-- Host: localhost    Database: business_management
-- ------------------------------------------------------
-- Server version	8.0.37

/*!40101 SET @OLD_CHARACTER_SET_CLIENT=@@CHARACTER_SET_CLIENT */;
/*!40101 SET @OLD_CHARACTER_SET_RESULTS=@@CHARACTER_SET_RESULTS */;
/*!40101 SET @OLD_COLLATION_CONNECTION=@@COLLATION_CONNECTION */;
/*!50503 SET NAMES utf8 */;
/*!40103 SET @OLD_TIME_ZONE=@@TIME_ZONE */;
/*!40103 SET TIME_ZONE='+00:00' */;
/*!40014 SET @OLD_UNIQUE_CHECKS=@@UNIQUE_CHECKS, UNIQUE_CHECKS=0 */;
/*!40014 SET @OLD_FOREIGN_KEY_CHECKS=@@FOREIGN_KEY_CHECKS, FOREIGN_KEY_CHECKS=0 */;
/*!40101 SET @OLD_SQL_MODE=@@SQL_MODE, SQL_MODE='NO_AUTO_VALUE_ON_ZERO' */;
/*!40111 SET @OLD_SQL_NOTES=@@SQL_NOTES, SQL_NOTES=0 */;

--
-- Table structure for table `allowances`
--

DROP TABLE IF EXISTS `allowances`;
/*!40101 SET @saved_cs_client     = @@character_set_client */;
/*!50503 SET character_set_client = utf8mb4 */;
CREATE TABLE `allowances` (
  `id` bigint NOT NULL AUTO_INCREMENT,
  `allowance` decimal(38,2) DEFAULT NULL,
  PRIMARY KEY (`id`)
) ENGINE=InnoDB AUTO_INCREMENT=3 DEFAULT CHARSET=utf8mb4 COLLATE=utf8mb4_0900_ai_ci;
/*!40101 SET character_set_client = @saved_cs_client */;

--
-- Dumping data for table `allowances`
--

LOCK TABLES `allowances` WRITE;
/*!40000 ALTER TABLE `allowances` DISABLE KEYS */;
INSERT INTO `allowances` VALUES (1,500000.00),(2,300000.00);
/*!40000 ALTER TABLE `allowances` ENABLE KEYS */;
UNLOCK TABLES;

--
-- Table structure for table `attendance_details`
--

DROP TABLE IF EXISTS `attendance_details`;
/*!40101 SET @saved_cs_client     = @@character_set_client */;
/*!50503 SET character_set_client = utf8mb4 */;
CREATE TABLE `attendance_details` (
  `id` bigint NOT NULL AUTO_INCREMENT,
  `attendance_status` enum('ABSENT','ON_LEAVE','PRESENT') DEFAULT NULL,
  `check_in` time(6) DEFAULT NULL,
  `check_out` time(6) DEFAULT NULL,
  `late_type_enum` enum('LATE_1','LATE_2','LATE_3','LATE_4') DEFAULT NULL,
  `leave_type_enum` enum('HOLIDAY','MATERNITY_LEAVE','PAID_LEAVE','SICK_LEAVE') DEFAULT NULL,
  `working_day` date DEFAULT NULL,
  `attendance_id` bigint NOT NULL,
  `holiday_id` bigint DEFAULT NULL,
  PRIMARY KEY (`id`),
  KEY `FK1d74vxn7muwg3w6matb0tkf9c` (`attendance_id`),
  KEY `FK9otly272s6xvcvno3urlwihlf` (`holiday_id`),
  CONSTRAINT `FK1d74vxn7muwg3w6matb0tkf9c` FOREIGN KEY (`attendance_id`) REFERENCES `attendances` (`id`),
  CONSTRAINT `FK9otly272s6xvcvno3urlwihlf` FOREIGN KEY (`holiday_id`) REFERENCES `holidays` (`id`)
) ENGINE=InnoDB AUTO_INCREMENT=1703 DEFAULT CHARSET=utf8mb4 COLLATE=utf8mb4_0900_ai_ci;
/*!40101 SET character_set_client = @saved_cs_client */;

--
-- Dumping data for table `attendance_details`
--

LOCK TABLES `attendance_details` WRITE;
/*!40000 ALTER TABLE `attendance_details` DISABLE KEYS */;
INSERT INTO `attendance_details` VALUES (1,'PRESENT','08:00:00.000000','17:30:29.000000',NULL,NULL,'2024-10-01',1,NULL),(2,'PRESENT','08:00:00.000000','17:30:29.000000',NULL,NULL,'2024-10-01',2,NULL),(3,'PRESENT','08:00:00.000000','17:30:29.000000',NULL,NULL,'2024-10-01',3,NULL),(4,'PRESENT','08:00:00.000000','17:30:29.000000',NULL,NULL,'2024-10-01',4,NULL),(5,'PRESENT','08:00:00.000000','17:30:29.000000',NULL,NULL,'2024-10-01',5,NULL),(6,'PRESENT','08:00:00.000000','17:30:29.000000',NULL,NULL,'2024-10-01',6,NULL),(7,'PRESENT','08:00:00.000000','17:30:29.000000',NULL,NULL,'2024-10-01',7,NULL),(8,'PRESENT','08:00:00.000000','17:30:29.000000',NULL,NULL,'2024-10-01',8,NULL),(9,'PRESENT','08:00:00.000000','17:30:29.000000',NULL,NULL,'2024-10-02',1,NULL),(10,'PRESENT','08:00:00.000000','17:30:29.000000',NULL,NULL,'2024-10-02',2,NULL),(11,'PRESENT','08:00:00.000000','17:30:29.000000',NULL,NULL,'2024-10-02',3,NULL),(12,'PRESENT','08:00:00.000000','17:30:29.000000',NULL,NULL,'2024-10-02',4,NULL),(13,'PRESENT','08:00:00.000000','17:30:29.000000',NULL,NULL,'2024-10-02',5,NULL),(14,'PRESENT','08:00:00.000000','17:30:29.000000',NULL,NULL,'2024-10-02',6,NULL),(15,'PRESENT','08:00:00.000000','17:30:29.000000',NULL,NULL,'2024-10-02',7,NULL),(16,'PRESENT','08:00:00.000000','17:30:29.000000',NULL,NULL,'2024-10-02',8,NULL),(17,'PRESENT','08:00:00.000000','17:30:29.000000',NULL,NULL,'2024-10-03',1,NULL),(18,'PRESENT','08:00:00.000000','17:30:29.000000',NULL,NULL,'2024-10-03',2,NULL),(19,'PRESENT','08:00:00.000000','17:30:29.000000',NULL,NULL,'2024-10-03',3,NULL),(20,'PRESENT','08:00:00.000000','17:30:29.000000',NULL,NULL,'2024-10-03',4,NULL),(21,'PRESENT','08:00:00.000000','17:30:29.000000',NULL,NULL,'2024-10-03',5,NULL),(22,'PRESENT','08:00:00.000000','17:30:29.000000',NULL,NULL,'2024-10-03',6,NULL),(23,'PRESENT','08:00:00.000000','17:30:29.000000',NULL,NULL,'2024-10-03',7,NULL),(24,'PRESENT','08:00:00.000000','17:30:29.000000',NULL,NULL,'2024-10-03',8,NULL),(25,'PRESENT','08:00:00.000000','17:30:29.000000',NULL,NULL,'2024-10-04',1,NULL),(26,'PRESENT','08:00:00.000000','17:30:29.000000',NULL,NULL,'2024-10-04',2,NULL),(27,'PRESENT','08:00:00.000000','17:30:29.000000',NULL,NULL,'2024-10-04',3,NULL),(28,'PRESENT','08:00:00.000000','17:30:29.000000',NULL,NULL,'2024-10-04',4,NULL),(29,'PRESENT','08:00:00.000000','17:30:29.000000',NULL,NULL,'2024-10-04',5,NULL),(30,'PRESENT','08:00:00.000000','17:30:29.000000',NULL,NULL,'2024-10-04',6,NULL),(31,'PRESENT','08:00:00.000000','17:30:29.000000',NULL,NULL,'2024-10-04',7,NULL),(32,'PRESENT','08:00:00.000000','17:30:29.000000',NULL,NULL,'2024-10-04',8,NULL),(33,'PRESENT','08:00:00.000000','17:30:29.000000',NULL,NULL,'2024-10-07',1,NULL),(34,'PRESENT','08:00:00.000000','17:30:29.000000',NULL,NULL,'2024-10-07',2,NULL),(35,'PRESENT','08:00:00.000000','17:30:29.000000',NULL,NULL,'2024-10-07',3,NULL),(36,'PRESENT','08:00:00.000000','17:30:29.000000',NULL,NULL,'2024-10-07',4,NULL),(37,'PRESENT','08:00:00.000000','17:30:29.000000',NULL,NULL,'2024-10-07',5,NULL),(38,'PRESENT','08:00:00.000000','17:30:29.000000',NULL,NULL,'2024-10-07',6,NULL),(39,'PRESENT','08:00:00.000000','17:30:29.000000',NULL,NULL,'2024-10-07',7,NULL),(40,'PRESENT','08:00:00.000000','17:30:29.000000',NULL,NULL,'2024-10-07',8,NULL),(41,'PRESENT','08:00:00.000000','17:30:29.000000',NULL,NULL,'2024-10-08',1,NULL),(42,'PRESENT','08:00:00.000000','17:30:29.000000',NULL,NULL,'2024-10-08',2,NULL),(43,'PRESENT','08:00:00.000000','17:30:29.000000',NULL,NULL,'2024-10-08',3,NULL),(44,'PRESENT','08:00:00.000000','17:30:29.000000',NULL,NULL,'2024-10-08',4,NULL),(45,'PRESENT','08:00:00.000000','17:30:29.000000',NULL,NULL,'2024-10-08',5,NULL),(46,'PRESENT','08:00:00.000000','17:30:29.000000',NULL,NULL,'2024-10-08',6,NULL),(47,'PRESENT','08:00:00.000000','17:30:29.000000',NULL,NULL,'2024-10-08',7,NULL),(48,'PRESENT','08:00:00.000000','17:30:29.000000',NULL,NULL,'2024-10-08',8,NULL),(49,'PRESENT','08:00:00.000000','17:30:29.000000',NULL,NULL,'2024-10-09',1,NULL),(50,'PRESENT','08:00:00.000000','17:30:29.000000',NULL,NULL,'2024-10-09',2,NULL),(51,'PRESENT','08:00:00.000000','17:30:29.000000',NULL,NULL,'2024-10-09',3,NULL),(52,'PRESENT','08:00:00.000000','17:30:29.000000',NULL,NULL,'2024-10-09',4,NULL),(53,'PRESENT','08:00:00.000000','17:30:29.000000',NULL,NULL,'2024-10-09',5,NULL),(54,'PRESENT','08:00:00.000000','17:30:29.000000',NULL,NULL,'2024-10-09',6,NULL),(55,'PRESENT','08:00:00.000000','17:30:29.000000',NULL,NULL,'2024-10-09',7,NULL),(56,'PRESENT','08:00:00.000000','17:30:29.000000',NULL,NULL,'2024-10-09',8,NULL),(57,'PRESENT','08:00:00.000000','17:30:29.000000',NULL,NULL,'2024-10-10',1,NULL),(58,'PRESENT','08:00:00.000000','17:30:29.000000',NULL,NULL,'2024-10-10',2,NULL),(59,'PRESENT','08:00:00.000000','17:30:29.000000',NULL,NULL,'2024-10-10',3,NULL),(60,'PRESENT','08:00:00.000000','17:30:29.000000',NULL,NULL,'2024-10-10',4,NULL),(61,'PRESENT','08:00:00.000000','17:30:29.000000',NULL,NULL,'2024-10-10',5,NULL),(62,'PRESENT','08:00:00.000000','17:30:29.000000',NULL,NULL,'2024-10-10',6,NULL),(63,'PRESENT','08:00:00.000000','17:30:29.000000',NULL,NULL,'2024-10-10',7,NULL),(64,'PRESENT','08:00:00.000000','17:30:29.000000',NULL,NULL,'2024-10-10',8,NULL),(65,'PRESENT','08:00:00.000000','17:30:29.000000',NULL,NULL,'2024-10-11',1,NULL),(66,'PRESENT','08:00:00.000000','17:30:29.000000',NULL,NULL,'2024-10-11',2,NULL),(67,'PRESENT','08:00:00.000000','17:30:29.000000',NULL,NULL,'2024-10-11',3,NULL),(68,'PRESENT','08:00:00.000000','17:30:29.000000',NULL,NULL,'2024-10-11',4,NULL),(69,'PRESENT','08:00:00.000000','17:30:29.000000',NULL,NULL,'2024-10-11',5,NULL),(70,'PRESENT','08:00:00.000000','17:30:29.000000',NULL,NULL,'2024-10-11',6,NULL),(71,'PRESENT','08:00:00.000000','17:30:29.000000',NULL,NULL,'2024-10-11',7,NULL),(72,'PRESENT','08:00:00.000000','17:30:29.000000',NULL,NULL,'2024-10-11',8,NULL),(73,'PRESENT','08:00:00.000000','17:30:29.000000',NULL,NULL,'2024-10-14',1,NULL),(74,'PRESENT','08:00:00.000000','17:30:29.000000',NULL,NULL,'2024-10-14',2,NULL),(75,'PRESENT','08:00:00.000000','17:30:29.000000',NULL,NULL,'2024-10-14',3,NULL),(76,'PRESENT','08:00:00.000000','17:30:29.000000',NULL,NULL,'2024-10-14',4,NULL),(77,'PRESENT','08:00:00.000000','17:30:29.000000',NULL,NULL,'2024-10-14',5,NULL),(78,'PRESENT','08:00:00.000000','17:30:29.000000',NULL,NULL,'2024-10-14',6,NULL),(79,'PRESENT','08:00:00.000000','17:30:29.000000',NULL,NULL,'2024-10-14',7,NULL),(80,'PRESENT','08:00:00.000000','17:30:29.000000',NULL,NULL,'2024-10-14',8,NULL),(81,'PRESENT','08:00:00.000000','17:30:29.000000',NULL,NULL,'2024-10-15',1,NULL),(82,'PRESENT','08:00:00.000000','17:30:29.000000',NULL,NULL,'2024-10-15',2,NULL),(83,'PRESENT','08:00:00.000000','17:30:29.000000',NULL,NULL,'2024-10-15',3,NULL),(84,'PRESENT','08:00:00.000000','17:30:29.000000',NULL,NULL,'2024-10-15',4,NULL),(85,'PRESENT','08:00:00.000000','17:30:29.000000',NULL,NULL,'2024-10-15',5,NULL),(86,'PRESENT','08:00:00.000000','17:30:29.000000',NULL,NULL,'2024-10-15',6,NULL),(87,'PRESENT','08:00:00.000000','17:30:29.000000',NULL,NULL,'2024-10-15',7,NULL),(88,'PRESENT','08:00:00.000000','17:30:29.000000',NULL,NULL,'2024-10-15',8,NULL),(89,'PRESENT','08:00:00.000000','17:30:29.000000',NULL,NULL,'2024-10-16',1,NULL),(90,'PRESENT','08:00:00.000000','17:30:29.000000',NULL,NULL,'2024-10-16',2,NULL),(91,'PRESENT','08:00:00.000000','17:30:29.000000',NULL,NULL,'2024-10-16',3,NULL),(92,'PRESENT','08:00:00.000000','17:30:29.000000',NULL,NULL,'2024-10-16',4,NULL),(93,'PRESENT','08:00:00.000000','17:30:29.000000',NULL,NULL,'2024-10-16',5,NULL),(94,'PRESENT','08:00:00.000000','17:30:29.000000',NULL,NULL,'2024-10-16',6,NULL),(95,'PRESENT','08:00:00.000000','17:30:29.000000',NULL,NULL,'2024-10-16',7,NULL),(96,'PRESENT','08:00:00.000000','17:30:29.000000',NULL,NULL,'2024-10-16',8,NULL),(97,'PRESENT','08:00:00.000000','17:30:29.000000',NULL,NULL,'2024-10-17',1,NULL),(98,'PRESENT','08:00:00.000000','17:30:29.000000',NULL,NULL,'2024-10-17',2,NULL),(99,'PRESENT','08:00:00.000000','17:30:29.000000',NULL,NULL,'2024-10-17',3,NULL),(100,'PRESENT','08:00:00.000000','17:30:29.000000',NULL,NULL,'2024-10-17',4,NULL),(101,'PRESENT','08:00:00.000000','17:30:29.000000',NULL,NULL,'2024-10-17',5,NULL),(102,'PRESENT','08:00:00.000000','17:30:29.000000',NULL,NULL,'2024-10-17',6,NULL),(103,'PRESENT','08:00:00.000000','17:30:29.000000',NULL,NULL,'2024-10-17',7,NULL),(104,'PRESENT','08:00:00.000000','17:30:29.000000',NULL,NULL,'2024-10-17',8,NULL),(105,'PRESENT','08:00:00.000000','17:30:29.000000',NULL,NULL,'2024-10-18',1,NULL),(106,'PRESENT','08:00:00.000000','17:30:29.000000',NULL,NULL,'2024-10-18',2,NULL),(107,'PRESENT','08:00:00.000000','17:30:29.000000',NULL,NULL,'2024-10-18',3,NULL),(108,'PRESENT','08:00:00.000000','17:30:29.000000',NULL,NULL,'2024-10-18',4,NULL),(109,'PRESENT','08:00:00.000000','17:30:29.000000',NULL,NULL,'2024-10-18',5,NULL),(110,'PRESENT','08:00:00.000000','17:30:29.000000',NULL,NULL,'2024-10-18',6,NULL),(111,'PRESENT','08:00:00.000000','17:30:29.000000',NULL,NULL,'2024-10-18',7,NULL),(112,'PRESENT','08:00:00.000000','17:30:29.000000',NULL,NULL,'2024-10-18',8,NULL),(113,'PRESENT','08:00:00.000000','17:30:29.000000',NULL,NULL,'2024-10-21',1,NULL),(114,'PRESENT','08:00:00.000000','17:30:29.000000',NULL,NULL,'2024-10-21',2,NULL),(115,'PRESENT','08:00:00.000000','17:30:29.000000',NULL,NULL,'2024-10-21',3,NULL),(116,'PRESENT','08:00:00.000000','17:30:29.000000',NULL,NULL,'2024-10-21',4,NULL),(117,'PRESENT','08:00:00.000000','17:30:29.000000',NULL,NULL,'2024-10-21',5,NULL),(118,'PRESENT','08:00:00.000000','17:30:29.000000',NULL,NULL,'2024-10-21',6,NULL),(119,'PRESENT','08:00:00.000000','17:30:29.000000',NULL,NULL,'2024-10-21',7,NULL),(120,'PRESENT','08:00:00.000000','17:30:29.000000',NULL,NULL,'2024-10-21',8,NULL),(121,'PRESENT','08:00:00.000000','17:30:29.000000',NULL,NULL,'2024-10-22',1,NULL),(122,'PRESENT','08:00:00.000000','17:30:29.000000',NULL,NULL,'2024-10-22',2,NULL),(123,'PRESENT','08:00:00.000000','17:30:29.000000',NULL,NULL,'2024-10-22',3,NULL),(124,'PRESENT','08:00:00.000000','17:30:29.000000',NULL,NULL,'2024-10-22',4,NULL),(125,'PRESENT','08:00:00.000000','17:30:29.000000',NULL,NULL,'2024-10-22',5,NULL),(126,'PRESENT','08:00:00.000000','17:30:29.000000',NULL,NULL,'2024-10-22',6,NULL),(127,'PRESENT','08:00:00.000000','17:30:29.000000',NULL,NULL,'2024-10-22',7,NULL),(128,'PRESENT','08:00:00.000000','17:30:29.000000',NULL,NULL,'2024-10-22',8,NULL),(129,'PRESENT','08:00:00.000000','17:30:29.000000',NULL,NULL,'2024-10-23',1,NULL),(130,'PRESENT','08:00:00.000000','17:30:29.000000',NULL,NULL,'2024-10-23',2,NULL),(131,'PRESENT','08:00:00.000000','17:30:29.000000',NULL,NULL,'2024-10-23',3,NULL),(132,'PRESENT','08:00:00.000000','17:30:29.000000',NULL,NULL,'2024-10-23',4,NULL),(133,'PRESENT','08:00:00.000000','17:30:29.000000',NULL,NULL,'2024-10-23',5,NULL),(134,'PRESENT','08:00:00.000000','17:30:29.000000',NULL,NULL,'2024-10-23',6,NULL),(135,'PRESENT','08:00:00.000000','17:30:29.000000',NULL,NULL,'2024-10-23',7,NULL),(136,'PRESENT','08:00:00.000000','17:30:29.000000',NULL,NULL,'2024-10-23',8,NULL),(137,'PRESENT','08:00:00.000000','17:30:29.000000',NULL,NULL,'2024-10-24',1,NULL),(138,'PRESENT','08:00:00.000000','17:30:29.000000',NULL,NULL,'2024-10-24',2,NULL),(139,'PRESENT','08:00:00.000000','17:30:29.000000',NULL,NULL,'2024-10-24',3,NULL),(140,'PRESENT','08:00:00.000000','17:30:29.000000',NULL,NULL,'2024-10-24',4,NULL),(141,'PRESENT','08:00:00.000000','17:30:29.000000',NULL,NULL,'2024-10-24',5,NULL),(142,'PRESENT','08:00:00.000000','17:30:29.000000',NULL,NULL,'2024-10-24',6,NULL),(143,'PRESENT','08:00:00.000000','17:30:29.000000',NULL,NULL,'2024-10-24',7,NULL),(144,'PRESENT','08:00:00.000000','17:30:29.000000',NULL,NULL,'2024-10-24',8,NULL),(145,'PRESENT','08:00:00.000000','17:30:29.000000',NULL,NULL,'2024-10-25',1,NULL),(146,'PRESENT','08:00:00.000000','17:30:29.000000',NULL,NULL,'2024-10-25',2,NULL),(147,'PRESENT','08:00:00.000000','17:30:29.000000',NULL,NULL,'2024-10-25',3,NULL),(148,'PRESENT','08:00:00.000000','17:30:29.000000',NULL,NULL,'2024-10-25',4,NULL),(149,'PRESENT','08:00:00.000000','17:30:29.000000',NULL,NULL,'2024-10-25',5,NULL),(150,'PRESENT','08:00:00.000000','17:30:29.000000',NULL,NULL,'2024-10-25',6,NULL),(151,'PRESENT','08:00:00.000000','17:30:29.000000',NULL,NULL,'2024-10-25',7,NULL),(152,'PRESENT','08:00:00.000000','17:30:29.000000',NULL,NULL,'2024-10-25',8,NULL),(153,'PRESENT','08:00:00.000000','17:30:29.000000',NULL,NULL,'2024-10-28',1,NULL),(154,'PRESENT','08:00:00.000000','17:30:29.000000',NULL,NULL,'2024-10-28',2,NULL),(155,'PRESENT','08:00:00.000000','17:30:29.000000',NULL,NULL,'2024-10-28',3,NULL),(156,'PRESENT','08:00:00.000000','17:30:29.000000',NULL,NULL,'2024-10-28',4,NULL),(157,'PRESENT','08:00:00.000000','17:30:29.000000',NULL,NULL,'2024-10-28',5,NULL),(158,'PRESENT','08:00:00.000000','17:30:29.000000',NULL,NULL,'2024-10-28',6,NULL),(159,'PRESENT','08:00:00.000000','17:30:29.000000',NULL,NULL,'2024-10-28',7,NULL),(160,'PRESENT','08:00:00.000000','17:30:29.000000',NULL,NULL,'2024-10-28',8,NULL),(161,'PRESENT','08:00:00.000000','17:30:29.000000',NULL,NULL,'2024-10-29',1,NULL),(162,'PRESENT','08:00:00.000000','17:30:29.000000',NULL,NULL,'2024-10-29',2,NULL),(163,'PRESENT','08:00:00.000000','17:30:29.000000',NULL,NULL,'2024-10-29',3,NULL),(164,'PRESENT','08:00:00.000000','17:30:29.000000',NULL,NULL,'2024-10-29',4,NULL),(165,'PRESENT','08:00:00.000000','17:30:29.000000',NULL,NULL,'2024-10-29',5,NULL),(166,'PRESENT','08:00:00.000000','17:30:29.000000',NULL,NULL,'2024-10-29',6,NULL),(167,'PRESENT','08:00:00.000000','17:30:29.000000',NULL,NULL,'2024-10-29',7,NULL),(168,'PRESENT','08:00:00.000000','17:30:29.000000',NULL,NULL,'2024-10-29',8,NULL),(169,'PRESENT','08:00:00.000000','17:30:29.000000',NULL,NULL,'2024-10-30',1,NULL),(170,'PRESENT','08:00:00.000000','17:30:29.000000',NULL,NULL,'2024-10-30',2,NULL),(171,'PRESENT','08:00:00.000000','17:30:29.000000',NULL,NULL,'2024-10-30',3,NULL),(172,'PRESENT','08:00:00.000000','17:30:29.000000',NULL,NULL,'2024-10-30',4,NULL),(173,'PRESENT','08:00:00.000000','17:30:29.000000',NULL,NULL,'2024-10-30',5,NULL),(174,'PRESENT','08:00:00.000000','17:30:29.000000',NULL,NULL,'2024-10-30',6,NULL),(175,'PRESENT','08:00:00.000000','17:30:29.000000',NULL,NULL,'2024-10-30',7,NULL),(176,'PRESENT','08:00:00.000000','17:30:29.000000',NULL,NULL,'2024-10-30',8,NULL),(177,'PRESENT','08:00:00.000000','17:30:29.000000',NULL,NULL,'2024-10-31',1,NULL),(178,'PRESENT','08:00:00.000000','17:30:29.000000',NULL,NULL,'2024-10-31',2,NULL),(179,'PRESENT','08:00:00.000000','17:30:29.000000',NULL,NULL,'2024-10-31',3,NULL),(180,'PRESENT','08:00:00.000000','17:30:29.000000',NULL,NULL,'2024-10-31',4,NULL),(181,'PRESENT','08:00:00.000000','17:30:29.000000',NULL,NULL,'2024-10-31',5,NULL),(182,'PRESENT','08:00:00.000000','17:30:29.000000',NULL,NULL,'2024-10-31',6,NULL),(183,'PRESENT','08:00:00.000000','17:30:29.000000',NULL,NULL,'2024-10-31',7,NULL),(184,'PRESENT','08:00:00.000000','17:30:29.000000',NULL,NULL,'2024-10-31',8,NULL),(185,'PRESENT','08:00:00.000000','17:30:29.000000',NULL,NULL,'2024-11-01',9,NULL),(186,'PRESENT','08:00:00.000000','17:30:29.000000',NULL,NULL,'2024-11-01',10,NULL),(187,'PRESENT','08:00:00.000000','17:30:29.000000',NULL,NULL,'2024-11-01',11,NULL),(188,'PRESENT','08:00:00.000000','17:30:29.000000',NULL,NULL,'2024-11-01',12,NULL),(189,'PRESENT','08:00:00.000000','17:30:29.000000',NULL,NULL,'2024-11-01',13,NULL),(190,'PRESENT','08:00:00.000000','17:30:29.000000',NULL,NULL,'2024-11-01',14,NULL),(191,'PRESENT','08:00:00.000000','17:30:29.000000',NULL,NULL,'2024-11-01',15,NULL),(192,'PRESENT','08:00:00.000000','17:30:29.000000',NULL,NULL,'2024-11-01',16,NULL),(193,'PRESENT','08:00:00.000000','17:30:29.000000',NULL,NULL,'2024-11-04',9,NULL),(194,'PRESENT','08:00:00.000000','17:30:29.000000',NULL,NULL,'2024-11-04',10,NULL),(195,'PRESENT','08:00:00.000000','17:30:29.000000',NULL,NULL,'2024-11-04',11,NULL),(196,'PRESENT','08:00:00.000000','17:30:29.000000',NULL,NULL,'2024-11-04',12,NULL),(197,'PRESENT','08:00:00.000000','17:30:29.000000',NULL,NULL,'2024-11-04',13,NULL),(198,'PRESENT','08:00:00.000000','17:30:29.000000',NULL,NULL,'2024-11-04',14,NULL),(199,'PRESENT','08:00:00.000000','17:30:29.000000',NULL,NULL,'2024-11-04',15,NULL),(200,'PRESENT','08:00:00.000000','17:30:29.000000',NULL,NULL,'2024-11-04',16,NULL),(201,'PRESENT','08:00:00.000000','17:30:29.000000',NULL,NULL,'2024-11-05',9,NULL),(202,'PRESENT','08:00:00.000000','17:30:29.000000',NULL,NULL,'2024-11-05',10,NULL),(203,'PRESENT','08:00:00.000000','17:30:29.000000',NULL,NULL,'2024-11-05',11,NULL),(204,'PRESENT','08:00:00.000000','17:30:29.000000',NULL,NULL,'2024-11-05',12,NULL),(205,'PRESENT','08:00:00.000000','17:30:29.000000',NULL,NULL,'2024-11-05',13,NULL),(206,'PRESENT','08:00:00.000000','17:30:29.000000',NULL,NULL,'2024-11-05',14,NULL),(207,'PRESENT','08:00:00.000000','17:30:29.000000',NULL,NULL,'2024-11-05',15,NULL),(208,'PRESENT','08:00:00.000000','17:30:29.000000',NULL,NULL,'2024-11-05',16,NULL),(209,'PRESENT','08:00:00.000000','17:30:29.000000',NULL,NULL,'2024-11-06',9,NULL),(210,'PRESENT','08:00:00.000000','17:30:29.000000',NULL,NULL,'2024-11-06',10,NULL),(211,'PRESENT','08:00:00.000000','17:30:29.000000',NULL,NULL,'2024-11-06',11,NULL),(212,'PRESENT','08:00:00.000000','17:30:29.000000',NULL,NULL,'2024-11-06',12,NULL),(213,'PRESENT','08:00:00.000000','17:30:29.000000',NULL,NULL,'2024-11-06',13,NULL),(214,'PRESENT','08:00:00.000000','17:30:29.000000',NULL,NULL,'2024-11-06',14,NULL),(215,'PRESENT','08:00:00.000000','17:30:29.000000',NULL,NULL,'2024-11-06',15,NULL),(216,'PRESENT','08:00:00.000000','17:30:29.000000',NULL,NULL,'2024-11-06',16,NULL),(217,'PRESENT','08:00:00.000000','17:30:29.000000',NULL,NULL,'2024-11-07',9,NULL),(218,'PRESENT','08:00:00.000000','17:30:29.000000',NULL,NULL,'2024-11-07',10,NULL),(219,'PRESENT','08:00:00.000000','17:30:29.000000',NULL,NULL,'2024-11-07',11,NULL),(220,'PRESENT','08:00:00.000000','17:30:29.000000',NULL,NULL,'2024-11-07',12,NULL),(221,'PRESENT','08:00:00.000000','17:30:29.000000',NULL,NULL,'2024-11-07',13,NULL),(222,'PRESENT','08:00:00.000000','17:30:29.000000',NULL,NULL,'2024-11-07',14,NULL),(223,'PRESENT','08:00:00.000000','17:30:29.000000',NULL,NULL,'2024-11-07',15,NULL),(224,'PRESENT','08:00:00.000000','17:30:29.000000',NULL,NULL,'2024-11-07',16,NULL),(225,'PRESENT','08:00:00.000000','17:30:29.000000',NULL,NULL,'2024-11-08',9,NULL),(226,'PRESENT','08:00:00.000000','17:30:29.000000',NULL,NULL,'2024-11-08',10,NULL),(227,'PRESENT','08:00:00.000000','17:30:29.000000',NULL,NULL,'2024-11-08',11,NULL),(228,'PRESENT','08:00:00.000000','17:30:29.000000',NULL,NULL,'2024-11-08',12,NULL),(229,'PRESENT','08:00:00.000000','17:30:29.000000',NULL,NULL,'2024-11-08',13,NULL),(230,'PRESENT','08:00:00.000000','17:30:29.000000',NULL,NULL,'2024-11-08',14,NULL),(231,'PRESENT','08:00:00.000000','17:30:29.000000',NULL,NULL,'2024-11-08',15,NULL),(232,'PRESENT','08:00:00.000000','17:30:29.000000',NULL,NULL,'2024-11-08',16,NULL),(233,'PRESENT','08:00:00.000000','17:30:29.000000',NULL,NULL,'2024-11-11',9,NULL),(234,'PRESENT','08:00:00.000000','17:30:29.000000',NULL,NULL,'2024-11-11',10,NULL),(235,'PRESENT','08:00:00.000000','17:30:29.000000',NULL,NULL,'2024-11-11',11,NULL),(236,'PRESENT','08:00:00.000000','17:30:29.000000',NULL,NULL,'2024-11-11',12,NULL),(237,'PRESENT','08:00:00.000000','17:30:29.000000',NULL,NULL,'2024-11-11',13,NULL),(238,'PRESENT','08:00:00.000000','17:30:29.000000',NULL,NULL,'2024-11-11',14,NULL),(239,'PRESENT','08:00:00.000000','17:30:29.000000',NULL,NULL,'2024-11-11',15,NULL),(240,'PRESENT','08:00:00.000000','17:30:29.000000',NULL,NULL,'2024-11-11',16,NULL),(241,'PRESENT','08:00:00.000000','17:30:29.000000',NULL,NULL,'2024-11-12',9,NULL),(242,'PRESENT','08:00:00.000000','17:30:29.000000',NULL,NULL,'2024-11-12',10,NULL),(243,'PRESENT','08:00:00.000000','17:30:29.000000',NULL,NULL,'2024-11-12',11,NULL),(244,'PRESENT','08:00:00.000000','17:30:29.000000',NULL,NULL,'2024-11-12',12,NULL),(245,'PRESENT','08:00:00.000000','17:30:29.000000',NULL,NULL,'2024-11-12',13,NULL),(246,'PRESENT','08:00:00.000000','17:30:29.000000',NULL,NULL,'2024-11-12',14,NULL),(247,'PRESENT','08:00:00.000000','17:30:29.000000',NULL,NULL,'2024-11-12',15,NULL),(248,'PRESENT','08:00:00.000000','17:30:29.000000',NULL,NULL,'2024-11-12',16,NULL),(249,'PRESENT','08:00:00.000000','17:30:29.000000',NULL,NULL,'2024-11-13',9,NULL),(250,'PRESENT','08:00:00.000000','17:30:29.000000',NULL,NULL,'2024-11-13',10,NULL),(251,'PRESENT','08:00:00.000000','17:30:29.000000',NULL,NULL,'2024-11-13',11,NULL),(252,'PRESENT','08:00:00.000000','17:30:29.000000',NULL,NULL,'2024-11-13',12,NULL),(253,'PRESENT','08:00:00.000000','17:30:29.000000',NULL,NULL,'2024-11-13',13,NULL),(254,'PRESENT','08:00:00.000000','17:30:29.000000',NULL,NULL,'2024-11-13',14,NULL),(255,'PRESENT','08:00:00.000000','17:30:29.000000',NULL,NULL,'2024-11-13',15,NULL),(256,'PRESENT','08:00:00.000000','17:30:29.000000',NULL,NULL,'2024-11-13',16,NULL),(257,'PRESENT','08:00:00.000000','17:30:29.000000',NULL,NULL,'2024-11-14',9,NULL),(258,'PRESENT','08:00:00.000000','17:30:29.000000',NULL,NULL,'2024-11-14',10,NULL),(259,'PRESENT','08:00:00.000000','17:30:29.000000',NULL,NULL,'2024-11-14',11,NULL),(260,'PRESENT','08:00:00.000000','17:30:29.000000',NULL,NULL,'2024-11-14',12,NULL),(261,'PRESENT','08:00:00.000000','17:30:29.000000',NULL,NULL,'2024-11-14',13,NULL),(262,'PRESENT','08:00:00.000000','17:30:29.000000',NULL,NULL,'2024-11-14',14,NULL),(263,'PRESENT','08:00:00.000000','17:30:29.000000',NULL,NULL,'2024-11-14',15,NULL),(264,'PRESENT','08:00:00.000000','17:30:29.000000',NULL,NULL,'2024-11-14',16,NULL),(265,'PRESENT','08:00:00.000000','17:30:29.000000',NULL,NULL,'2024-11-15',9,NULL),(266,'PRESENT','08:00:00.000000','17:30:29.000000',NULL,NULL,'2024-11-15',10,NULL),(267,'PRESENT','08:00:00.000000','17:30:29.000000',NULL,NULL,'2024-11-15',11,NULL),(268,'PRESENT','08:00:00.000000','17:30:29.000000',NULL,NULL,'2024-11-15',12,NULL),(269,'PRESENT','08:00:00.000000','17:30:29.000000',NULL,NULL,'2024-11-15',13,NULL),(270,'PRESENT','08:00:00.000000','17:30:29.000000',NULL,NULL,'2024-11-15',14,NULL),(271,'PRESENT','08:00:00.000000','17:30:29.000000',NULL,NULL,'2024-11-15',15,NULL),(272,'PRESENT','08:00:00.000000','17:30:29.000000',NULL,NULL,'2024-11-15',16,NULL),(273,'PRESENT','08:00:00.000000','17:30:29.000000',NULL,NULL,'2024-11-18',9,NULL),(274,'PRESENT','08:00:00.000000','17:30:29.000000',NULL,NULL,'2024-11-18',10,NULL),(275,'PRESENT','08:00:00.000000','17:30:29.000000',NULL,NULL,'2024-11-18',11,NULL),(276,'PRESENT','08:00:00.000000','17:30:29.000000',NULL,NULL,'2024-11-18',12,NULL),(277,'PRESENT','08:00:00.000000','17:30:29.000000',NULL,NULL,'2024-11-18',13,NULL),(278,'PRESENT','08:00:00.000000','17:30:29.000000',NULL,NULL,'2024-11-18',14,NULL),(279,'PRESENT','08:00:00.000000','17:30:29.000000',NULL,NULL,'2024-11-18',15,NULL),(280,'PRESENT','08:00:00.000000','17:30:29.000000',NULL,NULL,'2024-11-18',16,NULL),(281,'PRESENT','08:00:00.000000','17:30:29.000000',NULL,NULL,'2024-11-19',9,NULL),(282,'PRESENT','08:00:00.000000','17:30:29.000000',NULL,NULL,'2024-11-19',10,NULL),(283,'PRESENT','08:00:00.000000','17:30:29.000000',NULL,NULL,'2024-11-19',11,NULL),(284,'PRESENT','08:00:00.000000','17:30:29.000000',NULL,NULL,'2024-11-19',12,NULL),(285,'PRESENT','08:00:00.000000','17:30:29.000000',NULL,NULL,'2024-11-19',13,NULL),(286,'PRESENT','08:00:00.000000','17:30:29.000000',NULL,NULL,'2024-11-19',14,NULL),(287,'PRESENT','08:00:00.000000','17:30:29.000000',NULL,NULL,'2024-11-19',15,NULL),(288,'PRESENT','08:00:00.000000','17:30:29.000000',NULL,NULL,'2024-11-19',16,NULL),(289,'PRESENT','08:00:00.000000','17:30:29.000000',NULL,NULL,'2024-11-20',9,NULL),(290,'PRESENT','08:00:00.000000','17:30:29.000000',NULL,NULL,'2024-11-20',10,NULL),(291,'PRESENT','08:00:00.000000','17:30:29.000000',NULL,NULL,'2024-11-20',11,NULL),(292,'PRESENT','08:00:00.000000','17:30:29.000000',NULL,NULL,'2024-11-20',12,NULL),(293,'PRESENT','08:00:00.000000','17:30:29.000000',NULL,NULL,'2024-11-20',13,NULL),(294,'PRESENT','08:00:00.000000','17:30:29.000000',NULL,NULL,'2024-11-20',14,NULL),(295,'PRESENT','08:00:00.000000','17:30:29.000000',NULL,NULL,'2024-11-20',15,NULL),(296,'PRESENT','08:00:00.000000','17:30:29.000000',NULL,NULL,'2024-11-20',16,NULL),(297,'PRESENT','08:00:00.000000','17:30:29.000000',NULL,NULL,'2024-11-21',9,NULL),(298,'PRESENT','08:00:00.000000','17:30:29.000000',NULL,NULL,'2024-11-21',10,NULL),(299,'PRESENT','08:00:00.000000','17:30:29.000000',NULL,NULL,'2024-11-21',11,NULL),(300,'PRESENT','08:00:00.000000','17:30:29.000000',NULL,NULL,'2024-11-21',12,NULL),(301,'PRESENT','08:00:00.000000','17:30:29.000000',NULL,NULL,'2024-11-21',13,NULL),(302,'PRESENT','08:00:00.000000','17:30:29.000000',NULL,NULL,'2024-11-21',14,NULL),(303,'PRESENT','08:00:00.000000','17:30:29.000000',NULL,NULL,'2024-11-21',15,NULL),(304,'PRESENT','08:00:00.000000','17:30:29.000000',NULL,NULL,'2024-11-21',16,NULL),(305,'PRESENT','08:00:00.000000','17:30:29.000000',NULL,NULL,'2024-11-22',9,NULL),(306,'PRESENT','08:00:00.000000','17:30:29.000000',NULL,NULL,'2024-11-22',10,NULL),(307,'PRESENT','08:00:00.000000','17:30:29.000000',NULL,NULL,'2024-11-22',11,NULL),(308,'PRESENT','08:00:00.000000','17:30:29.000000',NULL,NULL,'2024-11-22',12,NULL),(309,'PRESENT','08:00:00.000000','17:30:29.000000',NULL,NULL,'2024-11-22',13,NULL),(310,'PRESENT','08:00:00.000000','17:30:29.000000',NULL,NULL,'2024-11-22',14,NULL),(311,'PRESENT','08:00:00.000000','17:30:29.000000',NULL,NULL,'2024-11-22',15,NULL),(312,'PRESENT','08:00:00.000000','17:30:29.000000',NULL,NULL,'2024-11-22',16,NULL),(313,'PRESENT','08:00:00.000000','17:30:29.000000',NULL,NULL,'2024-11-25',9,NULL),(314,'PRESENT','08:00:00.000000','17:30:29.000000',NULL,NULL,'2024-11-25',10,NULL),(315,'PRESENT','08:00:00.000000','17:30:29.000000',NULL,NULL,'2024-11-25',11,NULL),(316,'PRESENT','08:00:00.000000','17:30:29.000000',NULL,NULL,'2024-11-25',12,NULL),(317,'PRESENT','08:00:00.000000','17:30:29.000000',NULL,NULL,'2024-11-25',13,NULL),(318,'PRESENT','08:00:00.000000','17:30:29.000000',NULL,NULL,'2024-11-25',14,NULL),(319,'PRESENT','08:00:00.000000','17:30:29.000000',NULL,NULL,'2024-11-25',15,NULL),(320,'PRESENT','08:00:00.000000','17:30:29.000000',NULL,NULL,'2024-11-25',16,NULL),(321,'PRESENT','08:00:00.000000','17:30:29.000000',NULL,NULL,'2024-11-26',9,NULL),(322,'PRESENT','08:00:00.000000','17:30:29.000000',NULL,NULL,'2024-11-26',10,NULL),(323,'PRESENT','08:00:00.000000','17:30:29.000000',NULL,NULL,'2024-11-26',11,NULL),(324,'PRESENT','08:00:00.000000','17:30:29.000000',NULL,NULL,'2024-11-26',12,NULL),(325,'PRESENT','08:00:00.000000','17:30:29.000000',NULL,NULL,'2024-11-26',13,NULL),(326,'PRESENT','08:00:00.000000','17:30:29.000000',NULL,NULL,'2024-11-26',14,NULL),(327,'PRESENT','08:00:00.000000','17:30:29.000000',NULL,NULL,'2024-11-26',15,NULL),(328,'PRESENT','08:00:00.000000','17:30:29.000000',NULL,NULL,'2024-11-26',16,NULL),(329,'PRESENT','08:00:00.000000','17:30:29.000000',NULL,NULL,'2024-11-27',9,NULL),(330,'PRESENT','08:00:00.000000','17:30:29.000000',NULL,NULL,'2024-11-27',10,NULL),(331,'PRESENT','08:00:00.000000','17:30:29.000000',NULL,NULL,'2024-11-27',11,NULL),(332,'PRESENT','08:00:00.000000','17:30:29.000000',NULL,NULL,'2024-11-27',12,NULL),(333,'PRESENT','08:00:00.000000','17:30:29.000000',NULL,NULL,'2024-11-27',13,NULL),(334,'PRESENT','08:00:00.000000','17:30:29.000000',NULL,NULL,'2024-11-27',14,NULL),(335,'PRESENT','08:00:00.000000','17:30:29.000000',NULL,NULL,'2024-11-27',15,NULL),(336,'PRESENT','08:00:00.000000','17:30:29.000000',NULL,NULL,'2024-11-27',16,NULL),(337,'PRESENT','08:00:00.000000','17:30:29.000000',NULL,NULL,'2024-11-28',9,NULL),(338,'PRESENT','08:00:00.000000','17:30:29.000000',NULL,NULL,'2024-11-28',10,NULL),(339,'PRESENT','08:00:00.000000','17:30:29.000000',NULL,NULL,'2024-11-28',11,NULL),(340,'PRESENT','08:00:00.000000','17:30:29.000000',NULL,NULL,'2024-11-28',12,NULL),(341,'PRESENT','08:00:00.000000','17:30:29.000000',NULL,NULL,'2024-11-28',13,NULL),(342,'PRESENT','08:00:00.000000','17:30:29.000000',NULL,NULL,'2024-11-28',14,NULL),(343,'PRESENT','08:00:00.000000','17:30:29.000000',NULL,NULL,'2024-11-28',15,NULL),(344,'PRESENT','08:00:00.000000','17:30:29.000000',NULL,NULL,'2024-11-28',16,NULL),(345,'PRESENT','08:00:00.000000','17:30:29.000000',NULL,NULL,'2024-11-29',9,NULL),(346,'PRESENT','08:00:00.000000','17:30:29.000000',NULL,NULL,'2024-11-29',10,NULL),(347,'PRESENT','08:00:00.000000','17:30:29.000000',NULL,NULL,'2024-11-29',11,NULL),(348,'PRESENT','08:00:00.000000','17:30:29.000000',NULL,NULL,'2024-11-29',12,NULL),(349,'PRESENT','08:00:00.000000','17:30:29.000000',NULL,NULL,'2024-11-29',13,NULL),(350,'PRESENT','08:00:00.000000','17:30:29.000000',NULL,NULL,'2024-11-29',14,NULL),(351,'PRESENT','08:00:00.000000','17:30:29.000000',NULL,NULL,'2024-11-29',15,NULL),(352,'PRESENT','08:00:00.000000','17:30:29.000000',NULL,NULL,'2024-11-29',16,NULL),(353,'PRESENT','08:00:00.000000','17:30:29.000000',NULL,NULL,'2024-12-02',17,NULL),(354,'PRESENT','08:00:00.000000','17:30:29.000000',NULL,NULL,'2024-12-02',18,NULL),(355,'PRESENT','08:00:00.000000','17:30:29.000000',NULL,NULL,'2024-12-02',19,NULL),(356,'PRESENT','08:00:00.000000','17:30:29.000000',NULL,NULL,'2024-12-02',20,NULL),(357,'PRESENT','08:00:00.000000','17:30:29.000000',NULL,NULL,'2024-12-02',21,NULL),(358,'PRESENT','08:00:00.000000','17:30:29.000000',NULL,NULL,'2024-12-02',22,NULL),(359,'PRESENT','08:00:00.000000','17:30:29.000000',NULL,NULL,'2024-12-02',23,NULL),(360,'PRESENT','08:00:00.000000','17:30:29.000000',NULL,NULL,'2024-12-02',24,NULL),(361,'PRESENT','08:00:00.000000','17:30:29.000000',NULL,NULL,'2024-12-03',17,NULL),(362,'PRESENT','08:00:00.000000','17:30:29.000000',NULL,NULL,'2024-12-03',18,NULL),(363,'PRESENT','08:00:00.000000','17:30:29.000000',NULL,NULL,'2024-12-03',19,NULL),(364,'PRESENT','08:00:00.000000','17:30:29.000000',NULL,NULL,'2024-12-03',20,NULL),(365,'PRESENT','08:00:00.000000','17:30:29.000000',NULL,NULL,'2024-12-03',21,NULL),(366,'PRESENT','08:00:00.000000','17:30:29.000000',NULL,NULL,'2024-12-03',22,NULL),(367,'PRESENT','08:00:00.000000','17:30:29.000000',NULL,NULL,'2024-12-03',23,NULL),(368,'PRESENT','08:00:00.000000','17:30:29.000000',NULL,NULL,'2024-12-03',24,NULL),(369,'PRESENT','08:00:00.000000','17:30:29.000000',NULL,NULL,'2024-12-04',17,NULL),(370,'PRESENT','08:00:00.000000','17:30:29.000000',NULL,NULL,'2024-12-04',18,NULL),(371,'PRESENT','08:00:00.000000','17:30:29.000000',NULL,NULL,'2024-12-04',19,NULL),(372,'PRESENT','08:00:00.000000','17:30:29.000000',NULL,NULL,'2024-12-04',20,NULL),(373,'PRESENT','08:00:00.000000','17:30:29.000000',NULL,NULL,'2024-12-04',21,NULL),(374,'PRESENT','08:00:00.000000','17:30:29.000000',NULL,NULL,'2024-12-04',22,NULL),(375,'PRESENT','08:00:00.000000','17:30:29.000000',NULL,NULL,'2024-12-04',23,NULL),(376,'PRESENT','08:00:00.000000','17:30:29.000000',NULL,NULL,'2024-12-04',24,NULL),(377,'PRESENT','08:00:00.000000','17:30:29.000000',NULL,NULL,'2024-12-05',17,NULL),(378,'PRESENT','08:00:00.000000','17:30:29.000000',NULL,NULL,'2024-12-05',18,NULL),(379,'PRESENT','08:00:00.000000','17:30:29.000000',NULL,NULL,'2024-12-05',19,NULL),(380,'PRESENT','08:00:00.000000','17:30:29.000000',NULL,NULL,'2024-12-05',20,NULL),(381,'PRESENT','08:00:00.000000','17:30:29.000000',NULL,NULL,'2024-12-05',21,NULL),(382,'PRESENT','08:00:00.000000','17:30:29.000000',NULL,NULL,'2024-12-05',22,NULL),(383,'PRESENT','08:00:00.000000','17:30:29.000000',NULL,NULL,'2024-12-05',23,NULL),(384,'PRESENT','08:00:00.000000','17:30:29.000000',NULL,NULL,'2024-12-05',24,NULL),(385,'PRESENT','08:00:00.000000','17:30:29.000000',NULL,NULL,'2024-12-06',17,NULL),(386,'PRESENT','08:00:00.000000','17:30:29.000000',NULL,NULL,'2024-12-06',18,NULL),(387,'PRESENT','08:00:00.000000','17:30:29.000000',NULL,NULL,'2024-12-06',19,NULL),(388,'PRESENT','08:00:00.000000','17:30:29.000000',NULL,NULL,'2024-12-06',20,NULL),(389,'PRESENT','08:00:00.000000','17:30:29.000000',NULL,NULL,'2024-12-06',21,NULL),(390,'PRESENT','08:00:00.000000','17:30:29.000000',NULL,NULL,'2024-12-06',22,NULL),(391,'PRESENT','08:00:00.000000','17:30:29.000000',NULL,NULL,'2024-12-06',23,NULL),(392,'PRESENT','08:00:00.000000','17:30:29.000000',NULL,NULL,'2024-12-06',24,NULL),(393,'PRESENT','08:00:00.000000','17:30:29.000000',NULL,NULL,'2024-12-09',17,NULL),(394,'PRESENT','08:00:00.000000','17:30:29.000000',NULL,NULL,'2024-12-09',18,NULL),(395,'PRESENT','08:00:00.000000','17:30:29.000000',NULL,NULL,'2024-12-09',19,NULL),(396,'PRESENT','08:00:00.000000','17:30:29.000000',NULL,NULL,'2024-12-09',20,NULL),(397,'PRESENT','08:00:00.000000','17:30:29.000000',NULL,NULL,'2024-12-09',21,NULL),(398,'PRESENT','08:00:00.000000','17:30:29.000000',NULL,NULL,'2024-12-09',22,NULL),(399,'PRESENT','08:00:00.000000','17:30:29.000000',NULL,NULL,'2024-12-09',23,NULL),(400,'PRESENT','08:00:00.000000','17:30:29.000000',NULL,NULL,'2024-12-09',24,NULL),(401,'PRESENT','08:00:00.000000','17:30:29.000000',NULL,NULL,'2024-12-10',17,NULL),(402,'PRESENT','08:00:00.000000','17:30:29.000000',NULL,NULL,'2024-12-10',18,NULL),(403,'PRESENT','08:00:00.000000','17:30:29.000000',NULL,NULL,'2024-12-10',19,NULL),(404,'PRESENT','08:00:00.000000','17:30:29.000000',NULL,NULL,'2024-12-10',20,NULL),(405,'PRESENT','08:00:00.000000','17:30:29.000000',NULL,NULL,'2024-12-10',21,NULL),(406,'PRESENT','08:00:00.000000','17:30:29.000000',NULL,NULL,'2024-12-10',22,NULL),(407,'PRESENT','08:00:00.000000','17:30:29.000000',NULL,NULL,'2024-12-10',23,NULL),(408,'PRESENT','08:00:00.000000','17:30:29.000000',NULL,NULL,'2024-12-10',24,NULL),(409,'PRESENT','08:00:00.000000','17:30:29.000000',NULL,NULL,'2024-12-11',17,NULL),(410,'PRESENT','08:00:00.000000','17:30:29.000000',NULL,NULL,'2024-12-11',18,NULL),(411,'PRESENT','08:00:00.000000','17:30:29.000000',NULL,NULL,'2024-12-11',19,NULL),(412,'PRESENT','08:00:00.000000','17:30:29.000000',NULL,NULL,'2024-12-11',20,NULL),(413,'PRESENT','08:00:00.000000','17:30:29.000000',NULL,NULL,'2024-12-11',21,NULL),(414,'PRESENT','08:00:00.000000','17:30:29.000000',NULL,NULL,'2024-12-11',22,NULL),(415,'PRESENT','08:00:00.000000','17:30:29.000000',NULL,NULL,'2024-12-11',23,NULL),(416,'PRESENT','08:00:00.000000','17:30:29.000000',NULL,NULL,'2024-12-11',24,NULL),(417,'PRESENT','08:00:00.000000','17:30:29.000000',NULL,NULL,'2024-12-12',17,NULL),(418,'PRESENT','08:00:00.000000','17:30:29.000000',NULL,NULL,'2024-12-12',18,NULL),(419,'PRESENT','08:00:00.000000','17:30:29.000000',NULL,NULL,'2024-12-12',19,NULL),(420,'PRESENT','08:00:00.000000','17:30:29.000000',NULL,NULL,'2024-12-12',20,NULL),(421,'PRESENT','08:00:00.000000','17:30:29.000000',NULL,NULL,'2024-12-12',21,NULL),(422,'PRESENT','08:00:00.000000','17:30:29.000000',NULL,NULL,'2024-12-12',22,NULL),(423,'PRESENT','08:00:00.000000','17:30:29.000000',NULL,NULL,'2024-12-12',23,NULL),(424,'PRESENT','08:00:00.000000','17:30:29.000000',NULL,NULL,'2024-12-12',24,NULL),(425,'PRESENT','08:00:00.000000','17:30:29.000000',NULL,NULL,'2024-12-13',17,NULL),(426,'PRESENT','08:00:00.000000','17:30:29.000000',NULL,NULL,'2024-12-13',18,NULL),(427,'PRESENT','08:00:00.000000','17:30:29.000000',NULL,NULL,'2024-12-13',19,NULL),(428,'PRESENT','08:00:00.000000','17:30:29.000000',NULL,NULL,'2024-12-13',20,NULL),(429,'PRESENT','08:00:00.000000','17:30:29.000000',NULL,NULL,'2024-12-13',21,NULL),(430,'PRESENT','08:00:00.000000','17:30:29.000000',NULL,NULL,'2024-12-13',22,NULL),(431,'PRESENT','08:00:00.000000','17:30:29.000000',NULL,NULL,'2024-12-13',23,NULL),(432,'PRESENT','08:00:00.000000','17:30:29.000000',NULL,NULL,'2024-12-13',24,NULL),(433,'PRESENT','08:00:00.000000','17:30:29.000000',NULL,NULL,'2024-12-16',17,NULL),(434,'PRESENT','08:00:00.000000','17:30:29.000000',NULL,NULL,'2024-12-16',18,NULL),(435,'PRESENT','08:00:00.000000','17:30:29.000000',NULL,NULL,'2024-12-16',19,NULL),(436,'PRESENT','08:00:00.000000','17:30:29.000000',NULL,NULL,'2024-12-16',20,NULL),(437,'PRESENT','08:00:00.000000','17:30:29.000000',NULL,NULL,'2024-12-16',21,NULL),(438,'PRESENT','08:00:00.000000','17:30:29.000000',NULL,NULL,'2024-12-16',22,NULL),(439,'PRESENT','08:00:00.000000','17:30:29.000000',NULL,NULL,'2024-12-16',23,NULL),(440,'PRESENT','08:00:00.000000','17:30:29.000000',NULL,NULL,'2024-12-16',24,NULL),(441,'PRESENT','08:00:00.000000','17:30:29.000000',NULL,NULL,'2024-12-17',17,NULL),(442,'PRESENT','08:00:00.000000','17:30:29.000000',NULL,NULL,'2024-12-17',18,NULL),(443,'PRESENT','08:00:00.000000','17:30:29.000000',NULL,NULL,'2024-12-17',19,NULL),(444,'PRESENT','08:00:00.000000','17:30:29.000000',NULL,NULL,'2024-12-17',20,NULL),(445,'PRESENT','08:00:00.000000','17:30:29.000000',NULL,NULL,'2024-12-17',21,NULL),(446,'PRESENT','08:00:00.000000','17:30:29.000000',NULL,NULL,'2024-12-17',22,NULL),(447,'PRESENT','08:00:00.000000','17:30:29.000000',NULL,NULL,'2024-12-17',23,NULL),(448,'PRESENT','08:00:00.000000','17:30:29.000000',NULL,NULL,'2024-12-17',24,NULL),(449,'PRESENT','08:00:00.000000','17:30:29.000000',NULL,NULL,'2024-12-18',17,NULL),(450,'PRESENT','08:00:00.000000','17:30:29.000000',NULL,NULL,'2024-12-18',18,NULL),(451,'PRESENT','08:00:00.000000','17:30:29.000000',NULL,NULL,'2024-12-18',19,NULL),(452,'PRESENT','08:00:00.000000','17:30:29.000000',NULL,NULL,'2024-12-18',20,NULL),(453,'PRESENT','08:00:00.000000','17:30:29.000000',NULL,NULL,'2024-12-18',21,NULL),(454,'PRESENT','08:00:00.000000','17:30:29.000000',NULL,NULL,'2024-12-18',22,NULL),(455,'PRESENT','08:00:00.000000','17:30:29.000000',NULL,NULL,'2024-12-18',23,NULL),(456,'PRESENT','08:00:00.000000','17:30:29.000000',NULL,NULL,'2024-12-18',24,NULL),(457,'PRESENT','08:00:00.000000','17:30:29.000000',NULL,NULL,'2024-12-19',17,NULL),(458,'PRESENT','08:00:00.000000','17:30:29.000000',NULL,NULL,'2024-12-19',18,NULL),(459,'PRESENT','08:00:00.000000','17:30:29.000000',NULL,NULL,'2024-12-19',19,NULL),(460,'PRESENT','08:00:00.000000','17:30:29.000000',NULL,NULL,'2024-12-19',20,NULL),(461,'PRESENT','08:00:00.000000','17:30:29.000000',NULL,NULL,'2024-12-19',21,NULL),(462,'PRESENT','08:00:00.000000','17:30:29.000000',NULL,NULL,'2024-12-19',22,NULL),(463,'PRESENT','08:00:00.000000','17:30:29.000000',NULL,NULL,'2024-12-19',23,NULL),(464,'PRESENT','08:00:00.000000','17:30:29.000000',NULL,NULL,'2024-12-19',24,NULL),(465,'PRESENT','08:00:00.000000','17:30:29.000000',NULL,NULL,'2024-12-20',17,NULL),(466,'PRESENT','08:00:00.000000','17:30:29.000000',NULL,NULL,'2024-12-20',18,NULL),(467,'PRESENT','08:00:00.000000','17:30:29.000000',NULL,NULL,'2024-12-20',19,NULL),(468,'PRESENT','08:00:00.000000','17:30:29.000000',NULL,NULL,'2024-12-20',20,NULL),(469,'PRESENT','08:00:00.000000','17:30:29.000000',NULL,NULL,'2024-12-20',21,NULL),(470,'PRESENT','08:00:00.000000','17:30:29.000000',NULL,NULL,'2024-12-20',22,NULL),(471,'PRESENT','08:00:00.000000','17:30:29.000000',NULL,NULL,'2024-12-20',23,NULL),(472,'PRESENT','08:00:00.000000','17:30:29.000000',NULL,NULL,'2024-12-20',24,NULL),(473,'PRESENT','08:00:00.000000','17:30:29.000000',NULL,NULL,'2024-12-23',17,NULL),(474,'PRESENT','08:00:00.000000','17:30:29.000000',NULL,NULL,'2024-12-23',18,NULL),(475,'PRESENT','08:00:00.000000','17:30:29.000000',NULL,NULL,'2024-12-23',19,NULL),(476,'PRESENT','08:00:00.000000','17:30:29.000000',NULL,NULL,'2024-12-23',20,NULL),(477,'PRESENT','08:00:00.000000','17:30:29.000000',NULL,NULL,'2024-12-23',21,NULL),(478,'PRESENT','08:00:00.000000','17:30:29.000000',NULL,NULL,'2024-12-23',22,NULL),(479,'PRESENT','08:00:00.000000','17:30:29.000000',NULL,NULL,'2024-12-23',23,NULL),(480,'PRESENT','08:00:00.000000','17:30:29.000000',NULL,NULL,'2024-12-23',24,NULL),(481,'PRESENT','08:00:00.000000','17:30:29.000000',NULL,NULL,'2024-12-24',17,NULL),(482,'PRESENT','08:00:00.000000','17:30:29.000000',NULL,NULL,'2024-12-24',18,NULL),(483,'PRESENT','08:00:00.000000','17:30:29.000000',NULL,NULL,'2024-12-24',19,NULL),(484,'PRESENT','08:00:00.000000','17:30:29.000000',NULL,NULL,'2024-12-24',20,NULL),(485,'PRESENT','08:00:00.000000','17:30:29.000000',NULL,NULL,'2024-12-24',21,NULL),(486,'PRESENT','08:00:00.000000','17:30:29.000000',NULL,NULL,'2024-12-24',22,NULL),(487,'PRESENT','08:00:00.000000','17:30:29.000000',NULL,NULL,'2024-12-24',23,NULL),(488,'PRESENT','08:00:00.000000','17:30:29.000000',NULL,NULL,'2024-12-24',24,NULL),(489,'PRESENT','08:00:00.000000','17:30:29.000000',NULL,NULL,'2024-12-25',17,NULL),(490,'PRESENT','08:00:00.000000','17:30:29.000000',NULL,NULL,'2024-12-25',18,NULL),(491,'PRESENT','08:00:00.000000','17:30:29.000000',NULL,NULL,'2024-12-25',19,NULL),(492,'PRESENT','08:00:00.000000','17:30:29.000000',NULL,NULL,'2024-12-25',20,NULL),(493,'PRESENT','08:00:00.000000','17:30:29.000000',NULL,NULL,'2024-12-25',21,NULL),(494,'PRESENT','08:00:00.000000','17:30:29.000000',NULL,NULL,'2024-12-25',22,NULL),(495,'PRESENT','08:00:00.000000','17:30:29.000000',NULL,NULL,'2024-12-25',23,NULL),(496,'PRESENT','08:00:00.000000','17:30:29.000000',NULL,NULL,'2024-12-25',24,NULL),(497,'PRESENT','08:00:00.000000','17:30:29.000000',NULL,NULL,'2024-12-26',17,NULL),(498,'PRESENT','08:00:00.000000','17:30:29.000000',NULL,NULL,'2024-12-26',18,NULL),(499,'PRESENT','08:00:00.000000','17:30:29.000000',NULL,NULL,'2024-12-26',19,NULL),(500,'PRESENT','08:00:00.000000','17:30:29.000000',NULL,NULL,'2024-12-26',20,NULL),(501,'PRESENT','08:00:00.000000','17:30:29.000000',NULL,NULL,'2024-12-26',21,NULL),(502,'PRESENT','08:00:00.000000','17:30:29.000000',NULL,NULL,'2024-12-26',22,NULL),(503,'PRESENT','08:00:00.000000','17:30:29.000000',NULL,NULL,'2024-12-26',23,NULL),(504,'PRESENT','08:00:00.000000','17:30:29.000000',NULL,NULL,'2024-12-26',24,NULL),(505,'PRESENT','08:00:00.000000','17:30:29.000000',NULL,NULL,'2024-12-27',17,NULL),(506,'PRESENT','08:00:00.000000','17:30:29.000000',NULL,NULL,'2024-12-27',18,NULL),(507,'PRESENT','08:00:00.000000','17:30:29.000000',NULL,NULL,'2024-12-27',19,NULL),(508,'PRESENT','08:00:00.000000','17:30:29.000000',NULL,NULL,'2024-12-27',20,NULL),(509,'PRESENT','08:00:00.000000','17:30:29.000000',NULL,NULL,'2024-12-27',21,NULL),(510,'PRESENT','08:00:00.000000','17:30:29.000000',NULL,NULL,'2024-12-27',22,NULL),(511,'PRESENT','08:00:00.000000','17:30:29.000000',NULL,NULL,'2024-12-27',23,NULL),(512,'PRESENT','08:00:00.000000','17:30:29.000000',NULL,NULL,'2024-12-27',24,NULL),(513,'PRESENT','08:00:00.000000','17:30:29.000000',NULL,NULL,'2024-12-30',17,NULL),(514,'PRESENT','08:00:00.000000','17:30:29.000000',NULL,NULL,'2024-12-30',18,NULL),(515,'PRESENT','08:00:00.000000','17:30:29.000000',NULL,NULL,'2024-12-30',19,NULL),(516,'PRESENT','08:00:00.000000','17:30:29.000000',NULL,NULL,'2024-12-30',20,NULL),(517,'PRESENT','08:00:00.000000','17:30:29.000000',NULL,NULL,'2024-12-30',21,NULL),(518,'PRESENT','08:00:00.000000','17:30:29.000000',NULL,NULL,'2024-12-30',22,NULL),(519,'PRESENT','08:00:00.000000','17:30:29.000000',NULL,NULL,'2024-12-30',23,NULL),(520,'PRESENT','08:00:00.000000','17:30:29.000000',NULL,NULL,'2024-12-30',24,NULL),(521,'PRESENT','08:00:00.000000','17:30:29.000000',NULL,NULL,'2024-12-31',17,NULL),(522,'PRESENT','08:00:00.000000','17:30:29.000000',NULL,NULL,'2024-12-31',18,NULL),(523,'PRESENT','08:00:00.000000','17:30:29.000000',NULL,NULL,'2024-12-31',19,NULL),(524,'PRESENT','08:00:00.000000','17:30:29.000000',NULL,NULL,'2024-12-31',20,NULL),(525,'PRESENT','08:00:00.000000','17:30:29.000000',NULL,NULL,'2024-12-31',21,NULL),(526,'PRESENT','08:00:00.000000','17:30:29.000000',NULL,NULL,'2024-12-31',22,NULL),(527,'PRESENT','08:00:00.000000','17:30:29.000000',NULL,NULL,'2024-12-31',23,NULL),(528,'PRESENT','08:00:00.000000','17:30:29.000000',NULL,NULL,'2024-12-31',24,NULL),(529,'ON_LEAVE',NULL,NULL,NULL,'HOLIDAY','2025-01-01',25,1),(530,'ON_LEAVE',NULL,NULL,NULL,'HOLIDAY','2025-01-01',26,1),(531,'ON_LEAVE',NULL,NULL,NULL,'HOLIDAY','2025-01-01',27,1),(532,'ON_LEAVE',NULL,NULL,NULL,'HOLIDAY','2025-01-01',28,1),(533,'ON_LEAVE',NULL,NULL,NULL,'HOLIDAY','2025-01-01',29,1),(534,'ON_LEAVE',NULL,NULL,NULL,'HOLIDAY','2025-01-01',30,1),(535,'ON_LEAVE',NULL,NULL,NULL,'HOLIDAY','2025-01-01',31,1),(536,'ON_LEAVE',NULL,NULL,NULL,'HOLIDAY','2025-01-01',32,1),(537,'PRESENT','08:00:00.000000','17:30:29.000000',NULL,NULL,'2025-01-02',25,NULL),(538,'PRESENT','08:00:00.000000','17:30:29.000000',NULL,NULL,'2025-01-02',26,NULL),(539,'PRESENT','09:00:00.000000','17:30:29.000000','LATE_1',NULL,'2025-01-02',27,NULL),(540,'PRESENT','07:59:00.000000','17:30:29.000000',NULL,NULL,'2025-01-02',28,NULL),(541,'PRESENT','08:00:00.000000','17:30:29.000000',NULL,NULL,'2025-01-02',29,NULL),(542,'PRESENT','08:00:00.000000','17:30:29.000000',NULL,NULL,'2025-01-02',30,NULL),(543,'PRESENT','08:00:00.000000','17:30:29.000000',NULL,NULL,'2025-01-02',31,NULL),(544,'PRESENT','08:00:00.000000','17:30:29.000000',NULL,NULL,'2025-01-02',32,NULL),(545,'PRESENT','07:59:00.000000','17:30:29.000000',NULL,NULL,'2025-01-03',25,NULL),(546,'PRESENT','07:59:00.000000','17:30:29.000000',NULL,NULL,'2025-01-03',26,NULL),(547,'PRESENT','07:59:00.000000','17:30:29.000000',NULL,NULL,'2025-01-03',27,NULL),(548,'PRESENT','07:59:00.000000','17:30:29.000000',NULL,NULL,'2025-01-03',28,NULL),(549,'PRESENT','08:00:00.000000','17:30:29.000000',NULL,NULL,'2025-01-03',29,NULL),(550,'PRESENT','08:00:00.000000','17:30:29.000000',NULL,NULL,'2025-01-03',30,NULL),(551,'PRESENT','08:00:00.000000','17:30:29.000000',NULL,NULL,'2025-01-03',31,NULL),(552,'PRESENT','08:00:00.000000','17:30:29.000000',NULL,NULL,'2025-01-03',32,NULL),(553,'PRESENT','07:59:00.000000','17:30:29.000000',NULL,NULL,'2025-01-04',28,NULL),(554,'PRESENT','07:59:00.000000','17:30:29.000000',NULL,NULL,'2025-01-04',27,NULL),(555,'PRESENT','08:59:00.000000','17:30:29.000000','LATE_1',NULL,'2025-01-04',26,NULL),(556,'PRESENT','09:59:00.000000','17:30:29.000000','LATE_1',NULL,'2025-01-04',25,NULL),(557,'PRESENT','08:00:00.000000','17:30:29.000000',NULL,NULL,'2025-01-04',29,NULL),(558,'PRESENT','08:00:00.000000','17:30:29.000000',NULL,NULL,'2025-01-04',30,NULL),(559,'PRESENT','08:00:00.000000','17:30:29.000000',NULL,NULL,'2025-01-04',31,NULL),(560,'PRESENT','08:00:00.000000','17:30:29.000000',NULL,NULL,'2025-01-04',32,NULL),(561,'PRESENT','07:59:00.000000','17:30:29.000000',NULL,NULL,'2025-01-07',25,NULL),(562,'PRESENT','07:59:00.000000','17:30:29.000000',NULL,NULL,'2025-01-07',26,NULL),(563,'PRESENT','07:59:00.000000','17:30:29.000000',NULL,NULL,'2025-01-07',27,NULL),(564,'PRESENT','07:59:00.000000','17:30:29.000000',NULL,NULL,'2025-01-07',28,NULL),(565,'PRESENT','08:00:00.000000','17:30:29.000000',NULL,NULL,'2025-01-07',29,NULL),(566,'PRESENT','08:00:00.000000','17:30:29.000000',NULL,NULL,'2025-01-07',30,NULL),(567,'PRESENT','08:00:00.000000','17:30:29.000000',NULL,NULL,'2025-01-07',31,NULL),(568,'PRESENT','08:00:00.000000','17:30:29.000000',NULL,NULL,'2025-01-07',32,NULL),(569,'PRESENT','07:59:00.000000','17:30:29.000000',NULL,NULL,'2025-01-08',26,NULL),(570,'PRESENT','07:59:00.000000','17:30:29.000000',NULL,NULL,'2025-01-08',27,NULL),(571,'PRESENT','07:59:00.000000','17:30:29.000000',NULL,NULL,'2025-01-08',28,NULL),(572,'ON_LEAVE',NULL,NULL,NULL,'PAID_LEAVE','2025-01-08',25,NULL),(573,'PRESENT','08:00:00.000000','17:30:29.000000',NULL,NULL,'2025-01-08',29,NULL),(574,'PRESENT','08:00:00.000000','17:30:29.000000',NULL,NULL,'2025-01-08',30,NULL),(575,'PRESENT','08:00:00.000000','17:30:29.000000',NULL,NULL,'2025-01-08',31,NULL),(576,'PRESENT','08:00:00.000000','17:30:29.000000',NULL,NULL,'2025-01-08',32,NULL),(577,'PRESENT','07:59:00.000000','17:30:29.000000',NULL,NULL,'2025-01-09',26,NULL),(578,'PRESENT','07:59:00.000000','17:30:29.000000',NULL,NULL,'2025-01-09',27,NULL),(579,'PRESENT','07:59:00.000000','17:30:29.000000',NULL,NULL,'2025-01-09',28,NULL),(580,'ON_LEAVE',NULL,NULL,NULL,'PAID_LEAVE','2025-01-09',25,NULL),(581,'PRESENT','08:00:00.000000','17:30:29.000000',NULL,NULL,'2025-01-09',29,NULL),(582,'PRESENT','08:00:00.000000','17:30:29.000000',NULL,NULL,'2025-01-09',30,NULL),(583,'PRESENT','08:00:00.000000','17:30:29.000000',NULL,NULL,'2025-01-09',31,NULL),(584,'PRESENT','08:00:00.000000','17:30:29.000000',NULL,NULL,'2025-01-09',32,NULL),(585,'PRESENT','07:59:00.000000','17:30:29.000000',NULL,NULL,'2025-01-10',26,NULL),(586,'PRESENT','07:59:00.000000','17:30:29.000000',NULL,NULL,'2025-01-10',27,NULL),(587,'PRESENT','07:59:00.000000','17:30:29.000000',NULL,NULL,'2025-01-10',28,NULL),(588,'ON_LEAVE',NULL,NULL,NULL,'PAID_LEAVE','2025-01-10',25,NULL),(589,'PRESENT','08:00:00.000000','17:30:29.000000',NULL,NULL,'2025-01-10',29,NULL),(590,'PRESENT','08:00:00.000000','17:30:29.000000',NULL,NULL,'2025-01-10',30,NULL),(591,'PRESENT','08:00:00.000000','17:30:29.000000',NULL,NULL,'2025-01-10',31,NULL),(592,'PRESENT','08:00:00.000000','17:30:29.000000',NULL,NULL,'2025-01-10',32,NULL),(593,'PRESENT','10:59:00.000000','17:30:29.000000','LATE_2',NULL,'2025-01-13',25,NULL),(594,'PRESENT','08:59:00.000000','17:30:29.000000','LATE_1',NULL,'2025-01-13',26,NULL),(595,'PRESENT','08:59:00.000000','17:30:29.000000','LATE_1',NULL,'2025-01-13',27,NULL),(596,'PRESENT','08:59:00.000000','17:30:29.000000','LATE_1',NULL,'2025-01-13',28,NULL),(597,'PRESENT','08:00:00.000000','17:30:29.000000',NULL,NULL,'2025-01-13',29,NULL),(598,'PRESENT','08:00:00.000000','17:30:29.000000',NULL,NULL,'2025-01-13',30,NULL),(599,'PRESENT','08:00:00.000000','17:30:29.000000',NULL,NULL,'2025-01-13',31,NULL),(600,'PRESENT','08:00:00.000000','17:30:29.000000',NULL,NULL,'2025-01-13',32,NULL),(601,'PRESENT','08:00:00.000000','17:30:29.000000',NULL,NULL,'2025-01-14',25,NULL),(602,'PRESENT','08:00:00.000000','17:30:29.000000',NULL,NULL,'2025-01-14',26,NULL),(603,'PRESENT','08:00:00.000000','17:30:29.000000',NULL,NULL,'2025-01-14',27,NULL),(604,'PRESENT','08:00:00.000000','17:30:29.000000',NULL,NULL,'2025-01-14',28,NULL),(605,'PRESENT','08:00:00.000000','17:30:29.000000',NULL,NULL,'2025-01-14',29,NULL),(606,'PRESENT','08:00:00.000000','17:30:29.000000',NULL,NULL,'2025-01-14',30,NULL),(607,'PRESENT','08:00:00.000000','17:30:29.000000',NULL,NULL,'2025-01-14',31,NULL),(608,'PRESENT','08:00:00.000000','17:30:29.000000',NULL,NULL,'2025-01-14',32,NULL),(609,'PRESENT','08:00:00.000000','17:30:29.000000',NULL,NULL,'2025-01-15',25,NULL),(610,'PRESENT','08:00:00.000000','17:30:29.000000',NULL,NULL,'2025-01-15',26,NULL),(611,'PRESENT','08:00:00.000000','17:30:29.000000',NULL,NULL,'2025-01-15',28,NULL),(612,'ON_LEAVE',NULL,NULL,NULL,'SICK_LEAVE','2025-01-15',27,NULL),(613,'PRESENT','08:00:00.000000','17:30:29.000000',NULL,NULL,'2025-01-15',29,NULL),(614,'PRESENT','08:00:00.000000','17:30:29.000000',NULL,NULL,'2025-01-15',30,NULL),(615,'PRESENT','08:00:00.000000','17:30:29.000000',NULL,NULL,'2025-01-15',31,NULL),(616,'PRESENT','08:00:00.000000','17:30:29.000000',NULL,NULL,'2025-01-15',32,NULL),(617,'PRESENT','08:00:00.000000','17:30:29.000000',NULL,NULL,'2025-01-16',25,NULL),(618,'PRESENT','08:00:00.000000','17:30:29.000000',NULL,NULL,'2025-01-16',26,NULL),(619,'PRESENT','08:00:00.000000','17:30:29.000000',NULL,NULL,'2025-01-16',28,NULL),(620,'ON_LEAVE',NULL,NULL,NULL,'SICK_LEAVE','2025-01-16',27,NULL),(621,'PRESENT','08:00:00.000000','17:30:29.000000',NULL,NULL,'2025-01-16',29,NULL),(622,'PRESENT','08:00:00.000000','17:30:29.000000',NULL,NULL,'2025-01-16',30,NULL),(623,'PRESENT','08:00:00.000000','17:30:29.000000',NULL,NULL,'2025-01-16',31,NULL),(624,'PRESENT','08:00:00.000000','17:30:29.000000',NULL,NULL,'2025-01-16',32,NULL),(625,'PRESENT','08:00:00.000000','17:30:29.000000',NULL,NULL,'2025-01-17',25,NULL),(626,'PRESENT','08:00:00.000000','17:30:29.000000',NULL,NULL,'2025-01-17',26,NULL),(627,'PRESENT','08:00:00.000000','17:30:29.000000',NULL,NULL,'2025-01-17',28,NULL),(628,'ON_LEAVE',NULL,NULL,NULL,'SICK_LEAVE','2025-01-17',27,NULL),(629,'PRESENT','08:00:00.000000','17:30:29.000000',NULL,NULL,'2025-01-17',29,NULL),(630,'PRESENT','08:00:00.000000','17:30:29.000000',NULL,NULL,'2025-01-17',30,NULL),(631,'PRESENT','08:00:00.000000','17:30:29.000000',NULL,NULL,'2025-01-17',31,NULL),(632,'PRESENT','08:00:00.000000','17:30:29.000000',NULL,NULL,'2025-01-17',32,NULL),(633,'PRESENT','08:00:00.000000','17:30:29.000000',NULL,NULL,'2025-01-20',25,NULL),(634,'PRESENT','08:00:00.000000','17:30:29.000000',NULL,NULL,'2025-01-20',26,NULL),(635,'ON_LEAVE','08:00:00.000000',NULL,NULL,'SICK_LEAVE','2025-01-20',27,NULL),(636,'PRESENT','08:00:00.000000','17:30:29.000000',NULL,NULL,'2025-01-20',28,NULL),(637,'PRESENT','08:00:00.000000','17:30:29.000000',NULL,NULL,'2025-01-20',29,NULL),(638,'PRESENT','08:00:00.000000','17:30:29.000000',NULL,NULL,'2025-01-20',30,NULL),(639,'PRESENT','08:00:00.000000','17:30:29.000000',NULL,NULL,'2025-01-20',31,NULL),(640,'PRESENT','08:00:00.000000','17:30:29.000000',NULL,NULL,'2025-01-20',32,NULL),(641,'PRESENT','08:00:00.000000','17:30:29.000000',NULL,NULL,'2025-01-21',25,NULL),(642,'PRESENT','08:00:00.000000','17:30:29.000000',NULL,NULL,'2025-01-21',26,NULL),(643,'PRESENT','08:00:00.000000','17:30:29.000000',NULL,NULL,'2025-01-21',27,NULL),(644,'PRESENT','08:00:00.000000','17:30:29.000000',NULL,NULL,'2025-01-21',28,NULL),(645,'PRESENT','08:00:00.000000','17:30:29.000000',NULL,NULL,'2025-01-21',29,NULL),(646,'PRESENT','08:00:00.000000','17:30:29.000000',NULL,NULL,'2025-01-21',30,NULL),(647,'PRESENT','08:00:00.000000','17:30:29.000000',NULL,NULL,'2025-01-21',31,NULL),(648,'PRESENT','08:00:00.000000','17:30:29.000000',NULL,NULL,'2025-01-21',32,NULL),(649,'PRESENT','08:00:00.000000','17:30:29.000000',NULL,NULL,'2025-01-22',25,NULL),(650,'PRESENT','08:00:00.000000','17:30:29.000000',NULL,NULL,'2025-01-22',26,NULL),(651,'PRESENT','08:00:00.000000','17:30:29.000000',NULL,NULL,'2025-01-22',27,NULL),(652,'PRESENT','08:00:00.000000','17:30:29.000000',NULL,NULL,'2025-01-22',28,NULL),(653,'PRESENT','08:00:00.000000','17:30:29.000000',NULL,NULL,'2025-01-22',29,NULL),(654,'PRESENT','08:00:00.000000','17:30:29.000000',NULL,NULL,'2025-01-22',30,NULL),(655,'PRESENT','08:00:00.000000','17:30:29.000000',NULL,NULL,'2025-01-22',31,NULL),(656,'PRESENT','08:00:00.000000','17:30:29.000000',NULL,NULL,'2025-01-22',32,NULL),(657,'PRESENT','08:00:00.000000','17:30:29.000000',NULL,NULL,'2025-01-23',25,NULL),(658,'PRESENT','08:00:00.000000','17:30:29.000000',NULL,NULL,'2025-01-23',26,NULL),(659,'PRESENT','08:00:00.000000','17:30:29.000000',NULL,NULL,'2025-01-23',27,NULL),(660,'PRESENT','08:00:00.000000','17:30:29.000000',NULL,NULL,'2025-01-23',28,NULL),(661,'PRESENT','08:00:00.000000','17:30:29.000000',NULL,NULL,'2025-01-23',29,NULL),(662,'PRESENT','08:00:00.000000','17:30:29.000000',NULL,NULL,'2025-01-23',30,NULL),(663,'PRESENT','08:00:00.000000','17:30:29.000000',NULL,NULL,'2025-01-23',31,NULL),(664,'PRESENT','08:00:00.000000','17:30:29.000000',NULL,NULL,'2025-01-23',32,NULL),(665,'PRESENT','08:00:00.000000','17:30:29.000000',NULL,NULL,'2025-01-24',25,NULL),(666,'PRESENT','08:00:00.000000','17:30:29.000000',NULL,NULL,'2025-01-24',26,NULL),(667,'PRESENT','08:00:00.000000','17:30:29.000000',NULL,NULL,'2025-01-24',27,NULL),(668,'PRESENT','08:00:00.000000','17:30:29.000000',NULL,NULL,'2025-01-24',28,NULL),(669,'PRESENT','08:00:00.000000','17:30:29.000000',NULL,NULL,'2025-01-24',29,NULL),(670,'PRESENT','08:00:00.000000','17:30:29.000000',NULL,NULL,'2025-01-24',30,NULL),(671,'PRESENT','08:00:00.000000','17:30:29.000000',NULL,NULL,'2025-01-24',31,NULL),(672,'PRESENT','08:00:00.000000','17:30:29.000000',NULL,NULL,'2025-01-24',32,NULL),(673,'PRESENT','08:00:00.000000','17:30:29.000000',NULL,NULL,'2025-01-27',26,NULL),(674,'PRESENT','08:00:00.000000','17:30:29.000000',NULL,NULL,'2025-01-27',27,NULL),(675,'PRESENT','08:00:00.000000','17:30:29.000000',NULL,NULL,'2025-01-27',28,NULL),(676,'ABSENT',NULL,NULL,NULL,NULL,'2025-01-27',25,NULL),(677,'PRESENT','08:00:00.000000','17:30:29.000000',NULL,NULL,'2025-01-27',29,NULL),(678,'PRESENT','08:00:00.000000','17:30:29.000000',NULL,NULL,'2025-01-27',30,NULL),(679,'PRESENT','08:00:00.000000','17:30:29.000000',NULL,NULL,'2025-01-27',31,NULL),(680,'PRESENT','08:00:00.000000','17:30:29.000000',NULL,NULL,'2025-01-27',32,NULL),(681,'ON_LEAVE',NULL,NULL,NULL,'HOLIDAY','2025-01-28',25,2),(682,'ON_LEAVE',NULL,NULL,NULL,'HOLIDAY','2025-01-28',26,2),(683,'ON_LEAVE',NULL,NULL,NULL,'HOLIDAY','2025-01-28',27,2),(684,'ON_LEAVE',NULL,NULL,NULL,'HOLIDAY','2025-01-28',28,2),(685,'ON_LEAVE',NULL,NULL,NULL,'HOLIDAY','2025-01-28',29,2),(686,'ON_LEAVE',NULL,NULL,NULL,'HOLIDAY','2025-01-28',30,2),(687,'ON_LEAVE',NULL,NULL,NULL,'HOLIDAY','2025-01-28',31,2),(688,'ON_LEAVE',NULL,NULL,NULL,'HOLIDAY','2025-01-28',32,2),(689,'ON_LEAVE',NULL,NULL,NULL,'HOLIDAY','2025-01-29',25,2),(690,'ON_LEAVE',NULL,NULL,NULL,'HOLIDAY','2025-01-29',26,2),(691,'ON_LEAVE',NULL,NULL,NULL,'HOLIDAY','2025-01-29',27,2),(692,'ON_LEAVE',NULL,NULL,NULL,'HOLIDAY','2025-01-29',28,2),(693,'ON_LEAVE',NULL,NULL,NULL,'HOLIDAY','2025-01-29',29,2),(694,'ON_LEAVE',NULL,NULL,NULL,'HOLIDAY','2025-01-29',30,2),(695,'ON_LEAVE',NULL,NULL,NULL,'HOLIDAY','2025-01-29',31,2),(696,'ON_LEAVE',NULL,NULL,NULL,'HOLIDAY','2025-01-29',32,2),(697,'ON_LEAVE',NULL,NULL,NULL,'HOLIDAY','2025-01-30',25,2),(698,'ON_LEAVE',NULL,NULL,NULL,'HOLIDAY','2025-01-30',26,2),(699,'ON_LEAVE',NULL,NULL,NULL,'HOLIDAY','2025-01-30',27,2),(700,'ON_LEAVE',NULL,NULL,NULL,'HOLIDAY','2025-01-30',28,2),(701,'ON_LEAVE',NULL,NULL,NULL,'HOLIDAY','2025-01-30',29,2),(702,'ON_LEAVE',NULL,NULL,NULL,'HOLIDAY','2025-01-30',30,2),(703,'ON_LEAVE',NULL,NULL,NULL,'HOLIDAY','2025-01-30',31,2),(704,'ON_LEAVE',NULL,NULL,NULL,'HOLIDAY','2025-01-30',32,2),(705,'ON_LEAVE',NULL,NULL,NULL,'HOLIDAY','2025-01-31',25,2),(706,'ON_LEAVE',NULL,NULL,NULL,'HOLIDAY','2025-01-31',26,2),(707,'ON_LEAVE',NULL,NULL,NULL,'HOLIDAY','2025-01-31',27,2),(708,'ON_LEAVE',NULL,NULL,NULL,'HOLIDAY','2025-01-31',28,2),(709,'ON_LEAVE',NULL,NULL,NULL,'HOLIDAY','2025-01-31',29,2),(710,'ON_LEAVE',NULL,NULL,NULL,'HOLIDAY','2025-01-31',30,2),(711,'ON_LEAVE',NULL,NULL,NULL,'HOLIDAY','2025-01-31',31,2),(712,'ON_LEAVE',NULL,NULL,NULL,'HOLIDAY','2025-01-31',32,2),(713,'ON_LEAVE',NULL,NULL,NULL,'HOLIDAY','2025-02-01',33,2),(714,'ON_LEAVE',NULL,NULL,NULL,'HOLIDAY','2025-02-01',34,2),(715,'ON_LEAVE',NULL,NULL,NULL,'HOLIDAY','2025-02-01',35,2),(716,'ON_LEAVE',NULL,NULL,NULL,'HOLIDAY','2025-02-01',36,2),(717,'ON_LEAVE',NULL,NULL,NULL,'HOLIDAY','2025-02-01',37,2),(718,'ON_LEAVE',NULL,NULL,NULL,'HOLIDAY','2025-02-01',38,2),(719,'ON_LEAVE',NULL,NULL,NULL,'HOLIDAY','2025-02-01',39,2),(720,'ON_LEAVE',NULL,NULL,NULL,'HOLIDAY','2025-02-01',40,2),(721,'ON_LEAVE',NULL,NULL,NULL,'HOLIDAY','2025-02-02',33,2),(722,'ON_LEAVE',NULL,NULL,NULL,'HOLIDAY','2025-02-02',34,2),(723,'ON_LEAVE',NULL,NULL,NULL,'HOLIDAY','2025-02-02',35,2),(724,'ON_LEAVE',NULL,NULL,NULL,'HOLIDAY','2025-02-02',36,2),(725,'ON_LEAVE',NULL,NULL,NULL,'HOLIDAY','2025-02-02',37,2),(726,'ON_LEAVE',NULL,NULL,NULL,'HOLIDAY','2025-02-02',38,2),(727,'ON_LEAVE',NULL,NULL,NULL,'HOLIDAY','2025-02-02',39,2),(728,'ON_LEAVE',NULL,NULL,NULL,'HOLIDAY','2025-02-02',40,2),(729,'ON_LEAVE',NULL,NULL,NULL,'HOLIDAY','2025-02-03',33,2),(730,'ON_LEAVE',NULL,NULL,NULL,'HOLIDAY','2025-02-03',34,2),(731,'ON_LEAVE',NULL,NULL,NULL,'HOLIDAY','2025-02-03',35,2),(732,'ON_LEAVE',NULL,NULL,NULL,'HOLIDAY','2025-02-03',36,2),(733,'ON_LEAVE',NULL,NULL,NULL,'HOLIDAY','2025-02-03',37,2),(734,'ON_LEAVE',NULL,NULL,NULL,'HOLIDAY','2025-02-03',38,2),(735,'ON_LEAVE',NULL,NULL,NULL,'HOLIDAY','2025-02-03',39,2),(736,'ON_LEAVE',NULL,NULL,NULL,'HOLIDAY','2025-02-03',40,2),(737,'PRESENT','08:00:00.000000','17:30:29.000000',NULL,NULL,'2025-02-04',33,NULL),(738,'PRESENT','08:00:00.000000','17:30:29.000000',NULL,NULL,'2025-02-04',34,NULL),(739,'ABSENT','08:00:00.000000','17:30:29.000000',NULL,NULL,'2025-02-04',35,NULL),(740,'PRESENT','08:00:00.000000','17:30:29.000000',NULL,NULL,'2025-02-04',36,NULL),(741,'PRESENT','08:00:00.000000','17:30:29.000000',NULL,NULL,'2025-02-04',37,NULL),(742,'PRESENT','08:00:00.000000','17:30:29.000000',NULL,NULL,'2025-02-04',38,NULL),(743,'PRESENT','08:00:00.000000','17:30:29.000000',NULL,NULL,'2025-02-04',39,NULL),(744,'PRESENT','08:00:00.000000','17:30:29.000000',NULL,NULL,'2025-02-04',40,NULL),(745,'PRESENT','08:00:00.000000','17:30:29.000000',NULL,NULL,'2025-02-05',40,NULL),(746,'PRESENT','08:00:00.000000','17:30:29.000000',NULL,NULL,'2025-02-05',39,NULL),(747,'PRESENT','08:00:00.000000','17:30:29.000000',NULL,NULL,'2025-02-05',38,NULL),(748,'PRESENT','08:00:00.000000','17:30:29.000000',NULL,NULL,'2025-02-05',37,NULL),(749,'PRESENT','08:00:00.000000','17:30:29.000000',NULL,NULL,'2025-02-05',36,NULL),(750,'PRESENT','08:00:00.000000','17:30:29.000000',NULL,NULL,'2025-02-05',35,NULL),(751,'PRESENT','08:00:00.000000','17:30:29.000000',NULL,NULL,'2025-02-05',34,NULL),(752,'PRESENT','08:00:00.000000','17:30:29.000000',NULL,NULL,'2025-02-05',33,NULL),(753,'PRESENT','08:00:00.000000','17:30:29.000000',NULL,NULL,'2025-02-06',33,NULL),(754,'PRESENT','08:00:00.000000','17:30:29.000000',NULL,NULL,'2025-02-06',34,NULL),(755,'PRESENT','08:00:00.000000','17:30:29.000000',NULL,NULL,'2025-02-06',35,NULL),(756,'PRESENT','08:00:00.000000','17:30:29.000000',NULL,NULL,'2025-02-06',36,NULL),(757,'PRESENT','08:00:00.000000','17:30:29.000000',NULL,NULL,'2025-02-06',37,NULL),(758,'PRESENT','08:00:00.000000','17:30:29.000000',NULL,NULL,'2025-02-06',38,NULL),(759,'PRESENT','08:00:00.000000','17:30:29.000000',NULL,NULL,'2025-02-06',39,NULL),(760,'PRESENT','08:00:00.000000','17:30:29.000000',NULL,NULL,'2025-02-06',40,NULL),(761,'PRESENT','08:00:00.000000','17:30:29.000000',NULL,NULL,'2025-02-07',40,NULL),(762,'PRESENT','13:00:00.000000','17:30:29.000000',NULL,NULL,'2025-02-07',39,NULL),(763,'PRESENT','08:00:00.000000','17:30:29.000000',NULL,NULL,'2025-02-07',38,NULL),(764,'PRESENT','08:00:00.000000','17:30:29.000000',NULL,NULL,'2025-02-07',37,NULL),(765,'PRESENT','08:00:00.000000','17:30:29.000000',NULL,NULL,'2025-02-07',36,NULL),(766,'PRESENT','08:00:00.000000','17:30:29.000000',NULL,NULL,'2025-02-07',35,NULL),(767,'PRESENT','08:00:00.000000','17:30:29.000000',NULL,NULL,'2025-02-07',34,NULL),(768,'PRESENT','08:00:00.000000','17:30:29.000000',NULL,NULL,'2025-02-07',33,NULL),(769,'PRESENT','08:00:00.000000','17:30:29.000000',NULL,NULL,'2025-02-10',33,NULL),(770,'PRESENT','08:00:00.000000','17:30:29.000000',NULL,NULL,'2025-02-10',34,NULL),(771,'PRESENT','08:00:00.000000','17:30:29.000000',NULL,NULL,'2025-02-10',35,NULL),(772,'PRESENT','08:00:00.000000','17:30:29.000000',NULL,NULL,'2025-02-10',36,NULL),(773,'PRESENT','08:00:00.000000','17:30:29.000000',NULL,NULL,'2025-02-10',37,NULL),(774,'PRESENT','08:00:00.000000','17:30:29.000000',NULL,NULL,'2025-02-10',38,NULL),(775,'PRESENT','08:00:00.000000','17:30:29.000000',NULL,NULL,'2025-02-10',39,NULL),(776,'PRESENT','08:00:00.000000','17:30:29.000000',NULL,NULL,'2025-02-10',40,NULL),(777,'PRESENT','08:00:00.000000','17:30:29.000000',NULL,NULL,'2025-02-11',33,NULL),(778,'PRESENT','08:00:00.000000','17:30:29.000000',NULL,NULL,'2025-02-11',34,NULL),(779,'PRESENT','08:00:00.000000','17:30:29.000000',NULL,NULL,'2025-02-11',35,NULL),(780,'PRESENT','08:00:00.000000','17:30:29.000000',NULL,NULL,'2025-02-11',36,NULL),(781,'PRESENT','08:00:00.000000','17:30:29.000000',NULL,NULL,'2025-02-11',37,NULL),(782,'PRESENT','08:00:00.000000','17:30:29.000000',NULL,NULL,'2025-02-11',38,NULL),(783,'PRESENT','08:00:00.000000','17:30:29.000000',NULL,NULL,'2025-02-11',39,NULL),(784,'PRESENT','08:00:00.000000','17:30:29.000000',NULL,NULL,'2025-02-11',40,NULL),(785,'PRESENT','08:00:00.000000','17:30:29.000000',NULL,NULL,'2025-02-12',33,NULL),(786,'PRESENT','08:00:00.000000','17:30:29.000000',NULL,NULL,'2025-02-12',34,NULL),(787,'PRESENT','08:00:00.000000','17:30:29.000000',NULL,NULL,'2025-02-12',35,NULL),(788,'PRESENT','08:00:00.000000','17:30:29.000000',NULL,NULL,'2025-02-12',36,NULL),(789,'PRESENT','08:00:00.000000','17:30:29.000000',NULL,NULL,'2025-02-12',37,NULL),(790,'PRESENT','08:00:00.000000','17:30:29.000000',NULL,NULL,'2025-02-12',38,NULL),(791,'PRESENT','08:00:00.000000','17:30:29.000000',NULL,NULL,'2025-02-12',39,NULL),(792,'PRESENT','08:00:00.000000','17:30:29.000000',NULL,NULL,'2025-02-12',40,NULL),(793,'PRESENT','08:00:00.000000','17:30:29.000000',NULL,NULL,'2025-02-13',33,NULL),(794,'PRESENT','08:00:00.000000','17:30:29.000000',NULL,NULL,'2025-02-13',34,NULL),(795,'PRESENT','08:00:00.000000','17:30:29.000000',NULL,NULL,'2025-02-13',35,NULL),(796,'PRESENT','08:00:00.000000','17:30:29.000000',NULL,NULL,'2025-02-13',36,NULL),(797,'PRESENT','08:00:00.000000','17:30:29.000000',NULL,NULL,'2025-02-13',37,NULL),(798,'PRESENT','08:00:00.000000','17:30:29.000000',NULL,NULL,'2025-02-13',38,NULL),(799,'PRESENT','08:00:00.000000','17:30:29.000000',NULL,NULL,'2025-02-13',39,NULL),(800,'PRESENT','08:00:00.000000','17:30:29.000000',NULL,NULL,'2025-02-13',40,NULL),(801,'PRESENT','08:00:00.000000','17:30:29.000000',NULL,NULL,'2025-02-14',33,NULL),(802,'PRESENT','08:00:00.000000','17:30:29.000000',NULL,NULL,'2025-02-14',34,NULL),(803,'PRESENT','08:00:00.000000','17:30:29.000000',NULL,NULL,'2025-02-14',35,NULL),(804,'PRESENT','08:00:00.000000','17:30:29.000000',NULL,NULL,'2025-02-14',36,NULL),(805,'PRESENT','08:00:00.000000','17:30:29.000000',NULL,NULL,'2025-02-14',37,NULL),(806,'PRESENT','08:00:00.000000','17:30:29.000000',NULL,NULL,'2025-02-14',38,NULL),(807,'PRESENT','08:00:00.000000','17:30:29.000000',NULL,NULL,'2025-02-14',39,NULL),(808,'PRESENT','08:00:00.000000','17:30:29.000000',NULL,NULL,'2025-02-14',40,NULL),(809,'PRESENT','08:00:00.000000','17:30:29.000000',NULL,NULL,'2025-02-17',33,NULL),(810,'PRESENT','08:00:00.000000','17:30:29.000000',NULL,NULL,'2025-02-17',34,NULL),(811,'PRESENT','08:00:00.000000','17:30:29.000000',NULL,NULL,'2025-02-17',35,NULL),(812,'PRESENT','08:00:00.000000','17:30:29.000000',NULL,NULL,'2025-02-17',36,NULL),(813,'PRESENT','08:00:00.000000','17:30:29.000000',NULL,NULL,'2025-02-17',37,NULL),(814,'PRESENT','08:00:00.000000','17:30:29.000000',NULL,NULL,'2025-02-17',38,NULL),(815,'PRESENT','08:00:00.000000','17:30:29.000000',NULL,NULL,'2025-02-17',39,NULL),(816,'PRESENT','08:00:00.000000','17:30:29.000000',NULL,NULL,'2025-02-17',40,NULL),(817,'PRESENT','08:00:00.000000','17:30:29.000000',NULL,NULL,'2025-02-18',33,NULL),(818,'PRESENT','08:00:00.000000','17:30:29.000000',NULL,NULL,'2025-02-18',34,NULL),(819,'PRESENT','08:00:00.000000','17:30:29.000000',NULL,NULL,'2025-02-18',35,NULL),(820,'PRESENT','08:00:00.000000','17:30:29.000000',NULL,NULL,'2025-02-18',36,NULL),(821,'PRESENT','08:00:00.000000','17:30:29.000000',NULL,NULL,'2025-02-18',37,NULL),(822,'PRESENT','08:00:00.000000','17:30:29.000000',NULL,NULL,'2025-02-18',38,NULL),(823,'PRESENT','08:00:00.000000','17:30:29.000000',NULL,NULL,'2025-02-18',39,NULL),(824,'PRESENT','08:00:00.000000','17:30:29.000000',NULL,NULL,'2025-02-18',40,NULL),(825,'PRESENT','08:00:00.000000','17:30:29.000000',NULL,NULL,'2025-02-19',33,NULL),(826,'PRESENT','08:00:00.000000','17:30:29.000000',NULL,NULL,'2025-02-19',34,NULL),(827,'PRESENT','08:00:00.000000','17:30:29.000000',NULL,NULL,'2025-02-19',35,NULL),(828,'PRESENT','08:00:00.000000','17:30:29.000000',NULL,NULL,'2025-02-19',36,NULL),(829,'PRESENT','08:00:00.000000','17:30:29.000000',NULL,NULL,'2025-02-19',37,NULL),(830,'PRESENT','08:00:00.000000','17:30:29.000000',NULL,NULL,'2025-02-19',38,NULL),(831,'PRESENT','08:00:00.000000','17:30:29.000000',NULL,NULL,'2025-02-19',39,NULL),(832,'PRESENT','08:00:00.000000','17:30:29.000000',NULL,NULL,'2025-02-19',40,NULL),(833,'PRESENT','08:00:00.000000','17:30:29.000000',NULL,NULL,'2025-02-20',33,NULL),(834,'PRESENT','08:00:00.000000','17:30:29.000000',NULL,NULL,'2025-02-20',34,NULL),(835,'PRESENT','08:00:00.000000','17:30:29.000000',NULL,NULL,'2025-02-20',35,NULL),(836,'PRESENT','08:00:00.000000','17:30:29.000000',NULL,NULL,'2025-02-20',36,NULL),(837,'PRESENT','08:00:00.000000','17:30:29.000000',NULL,NULL,'2025-02-20',37,NULL),(838,'PRESENT','08:00:00.000000','17:30:29.000000',NULL,NULL,'2025-02-20',38,NULL),(839,'PRESENT','08:00:00.000000','17:30:29.000000',NULL,NULL,'2025-02-20',39,NULL),(840,'PRESENT','08:00:00.000000','17:30:29.000000',NULL,NULL,'2025-02-20',40,NULL),(841,'PRESENT','08:00:00.000000','17:30:29.000000',NULL,NULL,'2025-02-21',33,NULL),(842,'PRESENT','08:00:00.000000','17:30:29.000000',NULL,NULL,'2025-02-21',34,NULL),(843,'PRESENT','08:00:00.000000','17:30:29.000000',NULL,NULL,'2025-02-21',35,NULL),(844,'PRESENT','08:00:00.000000','17:30:29.000000',NULL,NULL,'2025-02-21',36,NULL),(845,'PRESENT','08:00:00.000000','17:30:29.000000',NULL,NULL,'2025-02-21',37,NULL),(846,'PRESENT','08:00:00.000000','17:30:29.000000',NULL,NULL,'2025-02-21',38,NULL),(847,'PRESENT','08:00:00.000000','17:30:29.000000',NULL,NULL,'2025-02-21',39,NULL),(848,'PRESENT','08:00:00.000000','17:30:29.000000',NULL,NULL,'2025-02-21',40,NULL),(849,'PRESENT','08:00:00.000000','17:30:29.000000',NULL,NULL,'2025-02-24',33,NULL),(850,'PRESENT','08:00:00.000000','17:30:29.000000',NULL,NULL,'2025-02-24',34,NULL),(851,'PRESENT','08:00:00.000000','17:30:29.000000',NULL,NULL,'2025-02-24',35,NULL),(852,'PRESENT','08:00:00.000000','17:30:29.000000',NULL,NULL,'2025-02-24',36,NULL),(853,'PRESENT','08:00:00.000000','17:30:29.000000',NULL,NULL,'2025-02-24',37,NULL),(854,'PRESENT','08:00:00.000000','17:30:29.000000',NULL,NULL,'2025-02-24',38,NULL),(855,'PRESENT','08:00:00.000000','17:30:29.000000',NULL,NULL,'2025-02-24',39,NULL),(856,'PRESENT','08:00:00.000000','17:30:29.000000',NULL,NULL,'2025-02-24',40,NULL),(857,'PRESENT','08:00:00.000000','17:30:29.000000',NULL,NULL,'2025-02-25',33,NULL),(858,'PRESENT','08:00:00.000000','17:30:29.000000',NULL,NULL,'2025-02-25',34,NULL),(859,'PRESENT','08:00:00.000000','17:30:29.000000',NULL,NULL,'2025-02-25',35,NULL),(860,'PRESENT','08:00:00.000000','17:30:29.000000',NULL,NULL,'2025-02-25',36,NULL),(861,'PRESENT','08:00:00.000000','17:30:29.000000',NULL,NULL,'2025-02-25',37,NULL),(862,'PRESENT','08:00:00.000000','17:30:29.000000',NULL,NULL,'2025-02-25',38,NULL),(863,'PRESENT','08:00:00.000000','17:30:29.000000',NULL,NULL,'2025-02-25',39,NULL),(864,'PRESENT','08:00:00.000000','17:30:29.000000',NULL,NULL,'2025-02-25',40,NULL),(865,'PRESENT','08:00:00.000000','17:30:29.000000',NULL,NULL,'2025-02-26',33,NULL),(866,'PRESENT','08:00:00.000000','17:30:29.000000',NULL,NULL,'2025-02-26',34,NULL),(867,'PRESENT','08:00:00.000000','17:30:29.000000',NULL,NULL,'2025-02-26',35,NULL),(868,'PRESENT','08:00:00.000000','17:30:29.000000',NULL,NULL,'2025-02-26',36,NULL),(869,'PRESENT','08:00:00.000000','17:30:29.000000',NULL,NULL,'2025-02-26',37,NULL),(870,'PRESENT','08:00:00.000000','17:30:29.000000',NULL,NULL,'2025-02-26',38,NULL),(871,'PRESENT','08:00:00.000000','17:30:29.000000',NULL,NULL,'2025-02-26',39,NULL),(872,'PRESENT','08:00:00.000000','17:30:29.000000',NULL,NULL,'2025-02-26',40,NULL),(873,'PRESENT','08:00:00.000000','17:30:29.000000',NULL,NULL,'2025-02-27',33,NULL),(874,'PRESENT','08:00:00.000000','17:30:29.000000',NULL,NULL,'2025-02-27',34,NULL),(875,'PRESENT','08:00:00.000000','17:30:29.000000',NULL,NULL,'2025-02-27',35,NULL),(876,'PRESENT','08:00:00.000000','17:30:29.000000',NULL,NULL,'2025-02-27',36,NULL),(877,'PRESENT','08:00:00.000000','17:30:29.000000',NULL,NULL,'2025-02-27',37,NULL),(878,'PRESENT','08:00:00.000000','17:30:29.000000',NULL,NULL,'2025-02-27',38,NULL),(879,'PRESENT','08:00:00.000000','17:30:29.000000',NULL,NULL,'2025-02-27',39,NULL),(880,'PRESENT','08:00:00.000000','17:30:29.000000',NULL,NULL,'2025-02-27',40,NULL),(881,'PRESENT','08:00:00.000000','17:30:29.000000',NULL,NULL,'2025-02-28',33,NULL),(882,'PRESENT','08:00:00.000000','17:30:29.000000',NULL,NULL,'2025-02-28',34,NULL),(883,'PRESENT','08:00:00.000000','17:30:29.000000',NULL,NULL,'2025-02-28',35,NULL),(884,'PRESENT','08:00:00.000000','17:30:29.000000',NULL,NULL,'2025-02-28',36,NULL),(885,'PRESENT','08:00:00.000000','17:30:29.000000',NULL,NULL,'2025-02-28',37,NULL),(886,'PRESENT','08:00:00.000000','17:30:29.000000',NULL,NULL,'2025-02-28',38,NULL),(887,'PRESENT','08:00:00.000000','17:30:29.000000',NULL,NULL,'2025-02-28',39,NULL),(888,'PRESENT','08:00:00.000000','17:30:29.000000',NULL,NULL,'2025-02-28',40,NULL),(889,'PRESENT','08:00:00.000000','17:30:29.000000',NULL,NULL,'2025-03-03',41,NULL),(890,'PRESENT','08:00:00.000000','17:30:29.000000',NULL,NULL,'2025-03-03',42,NULL),(891,'PRESENT','08:00:00.000000','17:30:29.000000',NULL,NULL,'2025-03-03',43,NULL),(892,'PRESENT','08:00:00.000000','17:30:29.000000',NULL,NULL,'2025-03-03',44,NULL),(893,'PRESENT','08:00:00.000000','17:30:29.000000',NULL,NULL,'2025-03-03',45,NULL),(894,'PRESENT','08:00:00.000000','17:30:29.000000',NULL,NULL,'2025-03-03',46,NULL),(895,'PRESENT','08:00:00.000000','17:30:29.000000',NULL,NULL,'2025-03-03',47,NULL),(896,'PRESENT','08:00:00.000000','17:30:29.000000',NULL,NULL,'2025-03-03',48,NULL),(897,'PRESENT','08:00:00.000000','17:30:29.000000',NULL,NULL,'2025-03-04',41,NULL),(898,'PRESENT','08:00:00.000000','17:30:29.000000',NULL,NULL,'2025-03-04',42,NULL),(899,'PRESENT','08:00:00.000000','17:30:29.000000',NULL,NULL,'2025-03-04',43,NULL),(900,'PRESENT','08:00:00.000000','17:30:29.000000',NULL,NULL,'2025-03-04',44,NULL),(901,'PRESENT','08:00:00.000000','17:30:29.000000',NULL,NULL,'2025-03-04',45,NULL),(902,'PRESENT','08:00:00.000000','17:30:29.000000',NULL,NULL,'2025-03-04',46,NULL),(903,'PRESENT','08:00:00.000000','17:30:29.000000',NULL,NULL,'2025-03-04',47,NULL),(904,'PRESENT','08:00:00.000000','17:30:29.000000',NULL,NULL,'2025-03-04',48,NULL),(905,'PRESENT','08:00:00.000000','17:30:29.000000',NULL,NULL,'2025-03-05',41,NULL),(906,'PRESENT','08:00:00.000000','17:30:29.000000',NULL,NULL,'2025-03-05',42,NULL),(907,'PRESENT','08:00:00.000000','17:30:29.000000',NULL,NULL,'2025-03-05',43,NULL),(908,'PRESENT','08:00:00.000000','17:30:29.000000',NULL,NULL,'2025-03-05',44,NULL),(909,'PRESENT','08:00:00.000000','17:30:29.000000',NULL,NULL,'2025-03-05',45,NULL),(910,'PRESENT','08:00:00.000000','17:30:29.000000',NULL,NULL,'2025-03-05',46,NULL),(911,'PRESENT','08:00:00.000000','17:30:29.000000',NULL,NULL,'2025-03-05',47,NULL),(912,'PRESENT','08:00:00.000000','17:30:29.000000',NULL,NULL,'2025-03-05',48,NULL),(913,'PRESENT','08:00:00.000000','17:30:29.000000',NULL,NULL,'2025-03-06',41,NULL),(914,'PRESENT','08:00:00.000000','17:30:29.000000',NULL,NULL,'2025-03-06',42,NULL),(915,'PRESENT','08:00:00.000000','17:30:29.000000',NULL,NULL,'2025-03-06',43,NULL),(916,'PRESENT','08:00:00.000000','17:30:29.000000',NULL,NULL,'2025-03-06',44,NULL),(917,'PRESENT','08:00:00.000000','17:30:29.000000',NULL,NULL,'2025-03-06',45,NULL),(918,'PRESENT','08:00:00.000000','17:30:29.000000',NULL,NULL,'2025-03-06',46,NULL),(919,'PRESENT','08:00:00.000000','17:30:29.000000',NULL,NULL,'2025-03-06',47,NULL),(920,'PRESENT','08:00:00.000000','17:30:29.000000',NULL,NULL,'2025-03-06',48,NULL),(921,'PRESENT','08:00:00.000000','17:30:29.000000',NULL,NULL,'2025-03-07',41,NULL),(922,'PRESENT','08:00:00.000000','17:30:29.000000',NULL,NULL,'2025-03-07',42,NULL),(923,'PRESENT','08:00:00.000000','17:30:29.000000',NULL,NULL,'2025-03-07',43,NULL),(924,'PRESENT','08:00:00.000000','17:30:29.000000',NULL,NULL,'2025-03-07',44,NULL),(925,'PRESENT','08:00:00.000000','17:30:29.000000',NULL,NULL,'2025-03-07',45,NULL),(926,'PRESENT','08:00:00.000000','17:30:29.000000',NULL,NULL,'2025-03-07',46,NULL),(927,'PRESENT','08:00:00.000000','17:30:29.000000',NULL,NULL,'2025-03-07',47,NULL),(928,'PRESENT','08:00:00.000000','17:30:29.000000',NULL,NULL,'2025-03-07',48,NULL),(929,'PRESENT','08:00:00.000000','17:30:29.000000',NULL,NULL,'2025-03-10',41,NULL),(930,'PRESENT','08:00:00.000000','17:30:29.000000',NULL,NULL,'2025-03-10',42,NULL),(931,'PRESENT','08:00:00.000000','17:30:29.000000',NULL,NULL,'2025-03-10',43,NULL),(932,'PRESENT','08:00:00.000000','17:30:29.000000',NULL,NULL,'2025-03-10',44,NULL),(933,'PRESENT','08:00:00.000000','17:30:29.000000',NULL,NULL,'2025-03-10',45,NULL),(934,'PRESENT','08:00:00.000000','17:30:29.000000',NULL,NULL,'2025-03-10',46,NULL),(935,'PRESENT','08:00:00.000000','17:30:29.000000',NULL,NULL,'2025-03-10',47,NULL),(936,'PRESENT','08:30:00.000000','17:30:29.000000',NULL,NULL,'2025-03-10',48,NULL),(937,'PRESENT','08:00:00.000000','17:30:29.000000',NULL,NULL,'2025-03-11',41,NULL),(938,'PRESENT','08:00:00.000000','17:30:29.000000',NULL,NULL,'2025-03-11',42,NULL),(939,'PRESENT','08:00:00.000000','17:30:29.000000',NULL,NULL,'2025-03-11',43,NULL),(940,'PRESENT','08:00:00.000000','17:30:29.000000',NULL,NULL,'2025-03-11',44,NULL),(941,'PRESENT','08:00:00.000000','17:30:29.000000',NULL,NULL,'2025-03-11',45,NULL),(942,'PRESENT','09:00:00.000000','17:30:29.000000','LATE_1',NULL,'2025-03-11',46,NULL),(943,'PRESENT','08:00:00.000000','17:30:29.000000',NULL,NULL,'2025-03-11',47,NULL),(944,'PRESENT','08:00:00.000000','17:30:29.000000',NULL,NULL,'2025-03-11',48,NULL),(945,'PRESENT','08:00:00.000000','17:30:29.000000',NULL,NULL,'2025-03-12',41,NULL),(946,'PRESENT','08:00:00.000000','17:30:29.000000',NULL,NULL,'2025-03-12',42,NULL),(947,'PRESENT','08:00:00.000000','17:30:29.000000',NULL,NULL,'2025-03-12',43,NULL),(948,'PRESENT','08:00:00.000000','17:30:29.000000',NULL,NULL,'2025-03-12',44,NULL),(949,'PRESENT','08:00:00.000000','17:30:29.000000',NULL,NULL,'2025-03-12',45,NULL),(950,'PRESENT','09:00:00.000000','17:30:29.000000','LATE_1',NULL,'2025-03-12',46,NULL),(951,'PRESENT','14:00:00.000000','17:30:29.000000','LATE_4',NULL,'2025-03-12',47,NULL),(952,'PRESENT','08:00:00.000000','17:30:29.000000',NULL,NULL,'2025-03-12',48,NULL),(953,'PRESENT','08:00:00.000000','17:30:29.000000',NULL,NULL,'2025-03-13',41,NULL),(954,'PRESENT','08:00:00.000000','17:30:29.000000',NULL,NULL,'2025-03-13',42,NULL),(955,'PRESENT','08:00:00.000000','17:30:29.000000',NULL,NULL,'2025-03-13',43,NULL),(956,'PRESENT','08:00:00.000000','17:30:29.000000',NULL,NULL,'2025-03-13',44,NULL),(957,'PRESENT','08:00:00.000000','17:30:29.000000',NULL,NULL,'2025-03-13',45,NULL),(958,'PRESENT','08:00:00.000000','17:30:29.000000',NULL,NULL,'2025-03-13',46,NULL),(959,'PRESENT','08:00:00.000000','17:30:29.000000',NULL,NULL,'2025-03-13',47,NULL),(960,'PRESENT','08:00:00.000000','17:30:29.000000',NULL,NULL,'2025-03-13',48,NULL),(961,'PRESENT','08:00:00.000000','17:30:29.000000',NULL,NULL,'2025-03-14',41,NULL),(962,'PRESENT','08:00:00.000000','17:30:29.000000',NULL,NULL,'2025-03-14',42,NULL),(963,'PRESENT','08:00:00.000000','17:30:29.000000',NULL,NULL,'2025-03-14',43,NULL),(964,'PRESENT','08:00:00.000000','17:30:29.000000',NULL,NULL,'2025-03-14',44,NULL),(965,'PRESENT','08:00:00.000000','17:30:29.000000',NULL,NULL,'2025-03-14',45,NULL),(966,'PRESENT','08:00:00.000000','17:30:29.000000',NULL,NULL,'2025-03-14',46,NULL),(967,'PRESENT','08:00:00.000000','17:30:29.000000',NULL,NULL,'2025-03-14',47,NULL),(968,'PRESENT','08:00:00.000000','17:30:29.000000',NULL,NULL,'2025-03-14',48,NULL),(969,'PRESENT','08:00:00.000000','17:30:29.000000',NULL,NULL,'2025-03-17',41,NULL),(970,'PRESENT','08:00:00.000000','17:30:29.000000',NULL,NULL,'2025-03-17',42,NULL),(971,'PRESENT','08:00:00.000000','17:30:29.000000',NULL,NULL,'2025-03-17',43,NULL),(972,'PRESENT','08:00:00.000000','17:30:29.000000',NULL,NULL,'2025-03-17',44,NULL),(973,'PRESENT','08:00:00.000000','17:30:29.000000',NULL,NULL,'2025-03-17',45,NULL),(974,'PRESENT','08:00:00.000000','17:30:29.000000',NULL,NULL,'2025-03-17',46,NULL),(975,'ABSENT',NULL,NULL,NULL,NULL,'2025-03-17',47,NULL),(976,'PRESENT','08:00:00.000000','17:30:29.000000',NULL,NULL,'2025-03-17',48,NULL),(977,'PRESENT','08:00:00.000000','17:30:29.000000',NULL,NULL,'2025-03-18',41,NULL),(978,'PRESENT','08:00:00.000000','17:30:29.000000',NULL,NULL,'2025-03-18',42,NULL),(979,'PRESENT','08:00:00.000000','17:30:29.000000',NULL,NULL,'2025-03-18',43,NULL),(980,'PRESENT','08:00:00.000000','17:30:29.000000',NULL,NULL,'2025-03-18',44,NULL),(981,'PRESENT','08:00:00.000000','17:30:29.000000',NULL,NULL,'2025-03-18',45,NULL),(982,'PRESENT','08:00:00.000000','17:30:29.000000',NULL,NULL,'2025-03-18',46,NULL),(983,'PRESENT','08:00:00.000000','17:30:29.000000',NULL,NULL,'2025-03-18',47,NULL),(984,'PRESENT','08:00:00.000000','17:30:29.000000',NULL,NULL,'2025-03-18',48,NULL),(985,'PRESENT','08:00:00.000000','17:30:29.000000',NULL,NULL,'2025-03-19',41,NULL),(986,'PRESENT','08:00:00.000000','17:30:29.000000',NULL,NULL,'2025-03-19',42,NULL),(987,'PRESENT','08:00:00.000000','17:30:29.000000',NULL,NULL,'2025-03-19',43,NULL),(988,'PRESENT','08:00:00.000000','17:30:29.000000',NULL,NULL,'2025-03-19',44,NULL),(989,'PRESENT','08:00:00.000000','17:30:29.000000',NULL,NULL,'2025-03-19',45,NULL),(990,'PRESENT','08:00:00.000000','17:30:29.000000',NULL,NULL,'2025-03-19',46,NULL),(991,'PRESENT','08:00:00.000000','17:30:29.000000',NULL,NULL,'2025-03-19',47,NULL),(992,'PRESENT','08:00:00.000000','17:30:29.000000',NULL,NULL,'2025-03-19',48,NULL),(993,'PRESENT','08:00:00.000000','17:30:29.000000',NULL,NULL,'2025-03-20',41,NULL),(994,'PRESENT','08:00:00.000000','17:30:29.000000',NULL,NULL,'2025-03-20',42,NULL),(995,'PRESENT','08:00:00.000000','17:30:29.000000',NULL,NULL,'2025-03-20',43,NULL),(996,'PRESENT','08:00:00.000000','17:30:29.000000',NULL,NULL,'2025-03-20',44,NULL),(997,'PRESENT','08:00:00.000000','17:30:29.000000',NULL,NULL,'2025-03-20',45,NULL),(998,'PRESENT','08:00:00.000000','17:30:29.000000',NULL,NULL,'2025-03-20',46,NULL),(999,'PRESENT','08:00:00.000000','17:30:29.000000',NULL,NULL,'2025-03-20',47,NULL),(1000,'PRESENT','08:00:00.000000','17:30:29.000000',NULL,NULL,'2025-03-20',48,NULL),(1001,'PRESENT','08:00:00.000000','17:30:29.000000',NULL,NULL,'2025-03-21',41,NULL),(1002,'PRESENT','08:00:00.000000','17:30:29.000000',NULL,NULL,'2025-03-21',42,NULL),(1003,'PRESENT','08:00:00.000000','17:30:29.000000',NULL,NULL,'2025-03-21',43,NULL),(1004,'PRESENT','08:00:00.000000','17:30:29.000000',NULL,NULL,'2025-03-21',44,NULL),(1005,'PRESENT','08:00:00.000000','17:30:29.000000',NULL,NULL,'2025-03-21',45,NULL),(1006,'PRESENT','08:00:00.000000','17:30:29.000000',NULL,NULL,'2025-03-21',46,NULL),(1007,'PRESENT','08:00:00.000000','17:30:29.000000',NULL,NULL,'2025-03-21',47,NULL),(1008,'PRESENT','08:00:00.000000','17:30:29.000000',NULL,NULL,'2025-03-21',48,NULL),(1009,'PRESENT','08:00:00.000000','17:30:29.000000',NULL,NULL,'2025-03-24',41,NULL),(1010,'PRESENT','08:00:00.000000','17:30:29.000000',NULL,NULL,'2025-03-24',42,NULL),(1011,'PRESENT','08:00:00.000000','17:30:29.000000',NULL,NULL,'2025-03-24',43,NULL),(1012,'PRESENT','08:00:00.000000','17:30:29.000000',NULL,NULL,'2025-03-24',44,NULL),(1013,'PRESENT','08:00:00.000000','17:30:29.000000',NULL,NULL,'2025-03-24',45,NULL),(1014,'PRESENT','08:00:00.000000','17:30:29.000000',NULL,NULL,'2025-03-24',46,NULL),(1015,'PRESENT','08:00:00.000000','17:30:29.000000',NULL,NULL,'2025-03-24',47,NULL),(1016,'PRESENT','08:00:00.000000','17:30:29.000000',NULL,NULL,'2025-03-24',48,NULL),(1017,'PRESENT','08:00:00.000000','17:30:29.000000',NULL,NULL,'2025-03-25',41,NULL),(1018,'PRESENT','08:00:00.000000','17:30:29.000000',NULL,NULL,'2025-03-25',42,NULL),(1019,'PRESENT','08:00:00.000000','17:30:29.000000',NULL,NULL,'2025-03-25',43,NULL),(1020,'PRESENT','08:00:00.000000','17:30:29.000000',NULL,NULL,'2025-03-25',44,NULL),(1021,'PRESENT','08:00:00.000000','17:30:29.000000',NULL,NULL,'2025-03-25',45,NULL),(1022,'PRESENT','08:00:00.000000','17:30:29.000000',NULL,NULL,'2025-03-25',46,NULL),(1023,'PRESENT','08:00:00.000000','17:30:29.000000',NULL,NULL,'2025-03-25',47,NULL),(1024,'PRESENT','08:00:00.000000','17:30:29.000000',NULL,NULL,'2025-03-25',48,NULL),(1025,'PRESENT','08:00:00.000000','17:30:29.000000',NULL,NULL,'2025-03-26',41,NULL),(1026,'PRESENT','08:00:00.000000','17:30:29.000000',NULL,NULL,'2025-03-26',42,NULL),(1027,'PRESENT','08:00:00.000000','17:30:29.000000',NULL,NULL,'2025-03-26',43,NULL),(1028,'PRESENT','08:00:00.000000','17:30:29.000000',NULL,NULL,'2025-03-26',44,NULL),(1029,'PRESENT','08:00:00.000000','17:30:29.000000',NULL,NULL,'2025-03-26',45,NULL),(1030,'PRESENT','08:00:00.000000','17:30:29.000000',NULL,NULL,'2025-03-26',46,NULL),(1031,'PRESENT','08:00:00.000000','17:30:29.000000',NULL,NULL,'2025-03-26',47,NULL),(1032,'PRESENT','08:00:00.000000','17:30:29.000000',NULL,NULL,'2025-03-26',48,NULL),(1033,'PRESENT','08:00:00.000000','17:30:29.000000',NULL,NULL,'2025-03-27',41,NULL),(1034,'PRESENT','08:00:00.000000','17:30:29.000000',NULL,NULL,'2025-03-27',42,NULL),(1035,'PRESENT','08:00:00.000000','17:30:29.000000',NULL,NULL,'2025-03-27',43,NULL),(1036,'PRESENT','08:00:00.000000','17:30:29.000000',NULL,NULL,'2025-03-27',44,NULL),(1037,'PRESENT','08:00:00.000000','17:30:29.000000',NULL,NULL,'2025-03-27',45,NULL),(1038,'PRESENT','08:00:00.000000','17:30:29.000000',NULL,NULL,'2025-03-27',46,NULL),(1039,'PRESENT','08:00:00.000000','17:30:29.000000',NULL,NULL,'2025-03-27',47,NULL),(1040,'PRESENT','08:00:00.000000','17:30:29.000000',NULL,NULL,'2025-03-27',48,NULL),(1041,'PRESENT','08:00:00.000000','17:30:29.000000',NULL,NULL,'2025-03-28',41,NULL),(1042,'PRESENT','08:00:00.000000','17:30:29.000000',NULL,NULL,'2025-03-28',42,NULL),(1043,'PRESENT','08:00:00.000000','17:30:29.000000',NULL,NULL,'2025-03-28',43,NULL),(1044,'PRESENT','08:00:00.000000','17:30:29.000000',NULL,NULL,'2025-03-28',44,NULL),(1045,'PRESENT','08:00:00.000000','17:30:29.000000',NULL,NULL,'2025-03-28',45,NULL),(1046,'PRESENT','08:00:00.000000','17:30:29.000000',NULL,NULL,'2025-03-28',46,NULL),(1047,'PRESENT','08:00:00.000000','17:30:29.000000',NULL,NULL,'2025-03-28',47,NULL),(1048,'PRESENT','08:00:00.000000','17:30:29.000000',NULL,NULL,'2025-03-28',48,NULL),(1049,'PRESENT','08:00:00.000000','17:30:29.000000',NULL,NULL,'2025-04-01',49,NULL),(1050,'PRESENT','08:00:00.000000','17:30:29.000000',NULL,NULL,'2025-04-01',50,NULL),(1051,'PRESENT','08:00:00.000000','17:30:29.000000',NULL,NULL,'2025-04-01',51,NULL),(1052,'PRESENT','08:00:00.000000','17:30:29.000000',NULL,NULL,'2025-04-01',52,NULL),(1053,'PRESENT','08:00:00.000000','17:30:29.000000',NULL,NULL,'2025-04-01',53,NULL),(1054,'PRESENT','08:00:00.000000','17:30:29.000000',NULL,NULL,'2025-04-01',54,NULL),(1055,'PRESENT','11:00:00.000000','17:30:29.000000','LATE_2',NULL,'2025-04-01',55,NULL),(1056,'PRESENT','08:00:00.000000','17:30:29.000000',NULL,NULL,'2025-04-01',56,NULL),(1057,'PRESENT','08:00:00.000000','17:30:29.000000',NULL,NULL,'2025-04-01',72,NULL),(1058,'PRESENT','08:00:00.000000','17:30:29.000000',NULL,NULL,'2025-04-01',73,NULL),(1059,'PRESENT','08:00:00.000000','17:30:29.000000',NULL,NULL,'2025-04-01',74,NULL),(1060,'PRESENT','08:00:00.000000','17:30:29.000000',NULL,NULL,'2025-04-02',49,NULL),(1061,'PRESENT','08:00:00.000000','17:30:29.000000',NULL,NULL,'2025-04-02',50,NULL),(1062,'PRESENT','08:00:00.000000','17:30:29.000000',NULL,NULL,'2025-04-02',51,NULL),(1063,'PRESENT','08:00:00.000000','17:30:29.000000',NULL,NULL,'2025-04-02',52,NULL),(1064,'PRESENT','08:00:00.000000','17:30:29.000000',NULL,NULL,'2025-04-02',53,NULL),(1065,'PRESENT','08:00:00.000000','17:30:29.000000',NULL,NULL,'2025-04-02',54,NULL),(1066,'PRESENT','08:00:00.000000','17:30:29.000000',NULL,NULL,'2025-04-02',55,NULL),(1067,'PRESENT','08:00:00.000000','17:30:29.000000',NULL,NULL,'2025-04-02',56,NULL),(1068,'PRESENT','08:00:00.000000','17:30:29.000000',NULL,NULL,'2025-04-02',72,NULL),(1069,'PRESENT','08:00:00.000000','17:30:29.000000',NULL,NULL,'2025-04-02',73,NULL),(1070,'PRESENT','08:00:00.000000','17:30:29.000000',NULL,NULL,'2025-04-02',74,NULL),(1071,'PRESENT','08:00:00.000000','17:30:29.000000',NULL,NULL,'2025-04-03',49,NULL),(1072,'PRESENT','08:00:00.000000','17:30:29.000000',NULL,NULL,'2025-04-03',50,NULL),(1073,'PRESENT','08:00:00.000000','17:30:29.000000',NULL,NULL,'2025-04-03',51,NULL),(1074,'PRESENT','08:00:00.000000','17:30:29.000000',NULL,NULL,'2025-04-03',52,NULL),(1075,'PRESENT','08:00:00.000000','17:30:29.000000',NULL,NULL,'2025-04-03',53,NULL),(1076,'PRESENT','09:00:00.000000','17:30:29.000000','LATE_1',NULL,'2025-04-03',54,NULL),(1077,'PRESENT','08:00:00.000000','17:30:29.000000',NULL,NULL,'2025-04-03',55,NULL),(1078,'PRESENT','08:00:00.000000','17:30:29.000000',NULL,NULL,'2025-04-03',56,NULL),(1079,'PRESENT','08:00:00.000000','17:30:29.000000',NULL,NULL,'2025-04-03',72,NULL),(1080,'PRESENT','08:00:00.000000','17:30:29.000000',NULL,NULL,'2025-04-03',73,NULL),(1081,'PRESENT','08:00:00.000000','17:30:29.000000',NULL,NULL,'2025-04-03',74,NULL),(1082,'PRESENT','08:00:00.000000','17:30:29.000000',NULL,NULL,'2025-04-04',49,NULL),(1083,'PRESENT','08:00:00.000000','17:30:29.000000',NULL,NULL,'2025-04-04',50,NULL),(1084,'PRESENT','08:00:00.000000','17:30:29.000000',NULL,NULL,'2025-04-04',51,NULL),(1085,'PRESENT','08:00:00.000000','17:30:29.000000',NULL,NULL,'2025-04-04',52,NULL),(1086,'PRESENT','09:30:00.000000','17:30:29.000000','LATE_1',NULL,'2025-04-04',53,NULL),(1087,'PRESENT','08:00:00.000000','17:30:29.000000',NULL,NULL,'2025-04-04',54,NULL),(1088,'PRESENT','08:00:00.000000','17:30:29.000000',NULL,NULL,'2025-04-04',55,NULL),(1089,'PRESENT','08:00:00.000000','17:30:29.000000',NULL,NULL,'2025-04-04',56,NULL),(1090,'PRESENT','08:00:00.000000','17:30:29.000000',NULL,NULL,'2025-04-04',72,NULL),(1091,'PRESENT','08:00:00.000000','17:30:29.000000',NULL,NULL,'2025-04-04',73,NULL),(1092,'PRESENT','08:00:00.000000','17:30:29.000000',NULL,NULL,'2025-04-04',74,NULL),(1093,'ON_LEAVE','08:00:00.000000','17:30:29.000000',NULL,'HOLIDAY','2025-04-07',49,3),(1094,'ON_LEAVE','08:00:00.000000','17:30:29.000000',NULL,'HOLIDAY','2025-04-07',50,3),(1095,'ON_LEAVE','08:00:00.000000','17:30:29.000000',NULL,'HOLIDAY','2025-04-07',51,3),(1096,'ON_LEAVE','08:00:00.000000','17:30:29.000000',NULL,'HOLIDAY','2025-04-07',52,3),(1097,'ON_LEAVE','08:00:00.000000','17:30:29.000000',NULL,'HOLIDAY','2025-04-07',53,3),(1098,'ON_LEAVE','08:00:00.000000','17:30:29.000000',NULL,'HOLIDAY','2025-04-07',54,3),(1099,'ON_LEAVE','08:00:00.000000','17:30:29.000000',NULL,'HOLIDAY','2025-04-07',55,3),(1100,'ON_LEAVE','08:00:00.000000','17:30:29.000000',NULL,'HOLIDAY','2025-04-07',56,3),(1101,'ON_LEAVE','08:00:00.000000','17:30:29.000000',NULL,'HOLIDAY','2025-04-07',72,3),(1102,'ON_LEAVE','00:00:00.000000','17:30:29.000000',NULL,'HOLIDAY','2025-04-07',73,3),(1103,'ON_LEAVE','08:00:00.000000','17:30:29.000000',NULL,'HOLIDAY','2025-04-07',74,3),(1104,'PRESENT','08:00:00.000000','17:30:29.000000',NULL,NULL,'2025-04-08',49,NULL),(1105,'PRESENT','08:00:00.000000','17:30:29.000000',NULL,NULL,'2025-04-08',50,NULL),(1106,'PRESENT','08:00:00.000000','17:30:29.000000',NULL,NULL,'2025-04-08',51,NULL),(1107,'PRESENT','08:00:00.000000','17:30:29.000000',NULL,NULL,'2025-04-08',52,NULL),(1108,'PRESENT','08:00:00.000000','17:30:29.000000',NULL,NULL,'2025-04-08',53,NULL),(1109,'PRESENT','08:00:00.000000','17:30:29.000000',NULL,NULL,'2025-04-08',54,NULL),(1110,'PRESENT','08:00:00.000000','17:30:29.000000',NULL,NULL,'2025-04-08',55,NULL),(1111,'PRESENT','08:00:00.000000','17:30:29.000000',NULL,NULL,'2025-04-08',56,NULL),(1112,'PRESENT','08:00:00.000000','17:30:29.000000',NULL,NULL,'2025-04-08',72,NULL),(1113,'PRESENT','08:00:00.000000','17:30:29.000000',NULL,NULL,'2025-04-08',73,NULL),(1114,'PRESENT','08:00:00.000000','17:30:29.000000',NULL,NULL,'2025-04-08',74,NULL),(1115,'PRESENT','08:00:00.000000','17:30:29.000000',NULL,NULL,'2025-04-09',49,NULL),(1116,'PRESENT','08:00:00.000000','17:30:29.000000',NULL,NULL,'2025-04-09',50,NULL),(1117,'PRESENT','08:00:00.000000','17:30:29.000000',NULL,NULL,'2025-04-09',51,NULL),(1118,'PRESENT','10:00:00.000000','17:30:29.000000',NULL,NULL,'2025-04-09',52,NULL),(1119,'PRESENT','08:00:00.000000','17:30:29.000000',NULL,NULL,'2025-04-09',53,NULL),(1120,'PRESENT','08:00:00.000000','17:30:29.000000',NULL,NULL,'2025-04-09',54,NULL),(1121,'PRESENT','08:00:00.000000','17:30:29.000000',NULL,NULL,'2025-04-09',55,NULL),(1122,'PRESENT','08:00:00.000000','17:30:29.000000',NULL,NULL,'2025-04-09',56,NULL),(1123,'PRESENT','08:00:00.000000','17:30:29.000000',NULL,NULL,'2025-04-09',72,NULL),(1124,'PRESENT','08:00:00.000000','17:30:29.000000',NULL,NULL,'2025-04-09',73,NULL),(1125,'PRESENT','08:00:00.000000','17:30:29.000000',NULL,NULL,'2025-04-09',74,NULL),(1126,'PRESENT','08:00:00.000000','17:30:29.000000',NULL,NULL,'2025-04-10',49,NULL),(1127,'PRESENT','08:00:00.000000','17:30:29.000000',NULL,NULL,'2025-04-10',50,NULL),(1128,'PRESENT','08:00:00.000000','17:30:29.000000',NULL,NULL,'2025-04-10',51,NULL),(1129,'PRESENT','08:00:00.000000','17:30:29.000000',NULL,NULL,'2025-04-10',52,NULL),(1130,'PRESENT','08:00:00.000000','17:30:29.000000',NULL,NULL,'2025-04-10',53,NULL),(1131,'PRESENT','08:00:00.000000','17:30:29.000000',NULL,NULL,'2025-04-10',54,NULL),(1132,'PRESENT','08:00:00.000000','17:30:29.000000',NULL,NULL,'2025-04-10',55,NULL),(1133,'PRESENT','08:00:00.000000','17:30:29.000000',NULL,NULL,'2025-04-10',56,NULL),(1134,'PRESENT','09:00:00.000000','17:30:29.000000','LATE_1',NULL,'2025-04-10',72,NULL),(1135,'PRESENT','08:00:00.000000','17:30:29.000000',NULL,NULL,'2025-04-10',73,NULL),(1136,'PRESENT','08:00:00.000000','17:30:29.000000',NULL,NULL,'2025-04-10',74,NULL),(1137,'PRESENT','08:00:00.000000','17:30:29.000000',NULL,NULL,'2025-04-11',49,NULL),(1138,'PRESENT','09:50:00.000000','17:30:29.000000','LATE_1',NULL,'2025-04-11',50,NULL),(1139,'PRESENT','08:00:00.000000','17:30:29.000000',NULL,NULL,'2025-04-11',51,NULL),(1140,'PRESENT','08:00:00.000000','17:30:29.000000',NULL,NULL,'2025-04-11',52,NULL),(1141,'PRESENT','08:00:00.000000','17:30:29.000000',NULL,NULL,'2025-04-11',53,NULL),(1142,'PRESENT','08:00:00.000000','17:30:29.000000',NULL,NULL,'2025-04-11',54,NULL),(1143,'PRESENT','08:00:00.000000','17:30:29.000000',NULL,NULL,'2025-04-11',55,NULL),(1144,'PRESENT','08:00:00.000000','17:30:29.000000',NULL,NULL,'2025-04-11',56,NULL),(1145,'PRESENT','08:00:00.000000','17:30:29.000000',NULL,NULL,'2025-04-11',72,NULL),(1146,'PRESENT','08:00:00.000000','17:30:29.000000',NULL,NULL,'2025-04-11',73,NULL),(1147,'PRESENT','08:00:00.000000','17:30:29.000000',NULL,NULL,'2025-04-11',74,NULL),(1148,'ABSENT','08:00:00.000000','17:30:29.000000',NULL,NULL,'2025-04-13',49,NULL),(1149,'ABSENT','08:00:00.000000','17:30:29.000000',NULL,NULL,'2025-04-13',50,NULL),(1150,'ABSENT','08:00:00.000000','17:30:29.000000',NULL,NULL,'2025-04-13',51,NULL),(1151,'ABSENT','08:00:00.000000','17:30:29.000000',NULL,NULL,'2025-04-13',52,NULL),(1152,'ABSENT','08:00:00.000000','17:30:29.000000',NULL,NULL,'2025-04-13',53,NULL),(1153,'ABSENT','08:00:00.000000','17:30:29.000000',NULL,NULL,'2025-04-13',54,NULL),(1154,'ABSENT','08:00:00.000000','17:30:29.000000',NULL,NULL,'2025-04-13',55,NULL),(1155,'ABSENT','08:00:00.000000','17:30:29.000000',NULL,NULL,'2025-04-13',56,NULL),(1156,'ABSENT','08:00:00.000000','17:30:29.000000',NULL,NULL,'2025-04-13',72,NULL),(1157,'ABSENT','08:00:00.000000','17:30:29.000000',NULL,NULL,'2025-04-13',73,NULL),(1158,'ABSENT','08:00:00.000000','17:30:29.000000',NULL,NULL,'2025-04-13',74,NULL),(1159,'PRESENT','08:00:00.000000','17:30:29.000000',NULL,NULL,'2025-04-14',49,NULL),(1160,'PRESENT','08:00:00.000000','17:30:29.000000',NULL,NULL,'2025-04-14',50,NULL),(1161,'PRESENT','08:00:00.000000','17:30:29.000000',NULL,NULL,'2025-04-14',51,NULL),(1162,'PRESENT','08:00:00.000000','17:30:29.000000',NULL,NULL,'2025-04-14',52,NULL),(1163,'PRESENT','08:00:00.000000','17:30:29.000000',NULL,NULL,'2025-04-14',53,NULL),(1164,'PRESENT','08:00:00.000000','17:30:29.000000',NULL,NULL,'2025-04-14',54,NULL),(1165,'PRESENT','08:00:00.000000','17:30:29.000000',NULL,NULL,'2025-04-14',55,NULL),(1166,'PRESENT','08:00:00.000000','17:30:29.000000',NULL,NULL,'2025-04-14',56,NULL),(1167,'PRESENT','08:00:00.000000','17:30:29.000000',NULL,NULL,'2025-04-14',72,NULL),(1168,'PRESENT','08:00:00.000000','17:30:29.000000',NULL,NULL,'2025-04-14',73,NULL),(1169,'PRESENT','08:00:00.000000','17:30:29.000000',NULL,NULL,'2025-04-14',74,NULL),(1170,'PRESENT','08:00:00.000000','17:30:29.000000',NULL,NULL,'2025-04-15',49,NULL),(1171,'PRESENT','08:00:00.000000','17:30:29.000000',NULL,NULL,'2025-04-15',50,NULL),(1172,'PRESENT','08:00:00.000000','17:30:29.000000',NULL,NULL,'2025-04-15',51,NULL),(1173,'PRESENT','08:00:00.000000','17:30:29.000000',NULL,NULL,'2025-04-15',52,NULL),(1174,'PRESENT','08:00:00.000000','17:30:29.000000',NULL,NULL,'2025-04-15',53,NULL),(1175,'PRESENT','08:00:00.000000','17:30:29.000000',NULL,NULL,'2025-04-15',54,NULL),(1176,'PRESENT','08:00:00.000000','17:30:29.000000',NULL,NULL,'2025-04-15',55,NULL),(1177,'PRESENT','08:00:00.000000','17:30:29.000000',NULL,NULL,'2025-04-15',56,NULL),(1178,'PRESENT','08:00:00.000000','17:30:29.000000',NULL,NULL,'2025-04-15',72,NULL),(1179,'PRESENT','08:00:00.000000','17:30:29.000000',NULL,NULL,'2025-04-15',73,NULL),(1180,'PRESENT','08:00:00.000000','17:30:29.000000',NULL,NULL,'2025-04-15',74,NULL),(1181,'PRESENT','08:00:00.000000','17:30:29.000000',NULL,NULL,'2025-04-16',49,NULL),(1182,'PRESENT','08:00:00.000000','17:30:29.000000',NULL,NULL,'2025-04-16',50,NULL),(1183,'PRESENT','08:00:00.000000','17:30:29.000000',NULL,NULL,'2025-04-16',51,NULL),(1184,'PRESENT','08:00:00.000000','17:30:29.000000',NULL,NULL,'2025-04-16',52,NULL),(1185,'PRESENT','08:00:00.000000','17:30:29.000000',NULL,NULL,'2025-04-16',53,NULL),(1186,'PRESENT','08:00:00.000000','17:30:29.000000',NULL,NULL,'2025-04-16',54,NULL),(1187,'PRESENT','08:00:00.000000','17:30:29.000000',NULL,NULL,'2025-04-16',55,NULL),(1188,'PRESENT','08:00:00.000000','17:30:29.000000',NULL,NULL,'2025-04-16',56,NULL),(1189,'PRESENT','08:00:00.000000','17:30:29.000000',NULL,NULL,'2025-04-16',72,NULL),(1190,'PRESENT','08:00:00.000000','17:30:29.000000',NULL,NULL,'2025-04-16',73,NULL),(1191,'PRESENT','08:00:00.000000','17:30:29.000000',NULL,NULL,'2025-04-16',74,NULL),(1192,'PRESENT','08:00:00.000000','17:30:29.000000',NULL,NULL,'2025-04-17',49,NULL),(1193,'PRESENT','08:00:00.000000','17:30:29.000000',NULL,NULL,'2025-04-17',50,NULL),(1194,'PRESENT','08:00:00.000000','17:30:29.000000',NULL,NULL,'2025-04-17',51,NULL),(1195,'PRESENT','08:00:00.000000','17:30:29.000000',NULL,NULL,'2025-04-17',52,NULL),(1196,'PRESENT','08:00:00.000000','17:30:29.000000',NULL,NULL,'2025-04-17',53,NULL),(1197,'PRESENT','08:00:00.000000','17:30:29.000000',NULL,NULL,'2025-04-17',54,NULL),(1198,'PRESENT','08:00:00.000000','17:30:29.000000',NULL,NULL,'2025-04-17',55,NULL),(1199,'PRESENT','08:00:00.000000','17:30:29.000000',NULL,NULL,'2025-04-17',56,NULL),(1200,'PRESENT','08:00:00.000000','17:30:29.000000',NULL,NULL,'2025-04-17',72,NULL),(1201,'PRESENT','08:00:00.000000','17:30:29.000000',NULL,NULL,'2025-04-17',73,NULL),(1202,'PRESENT','08:00:00.000000','17:30:29.000000',NULL,NULL,'2025-04-17',74,NULL),(1203,'PRESENT','08:00:00.000000','17:30:29.000000',NULL,NULL,'2025-04-18',49,NULL),(1204,'PRESENT','08:00:00.000000','17:30:29.000000',NULL,NULL,'2025-04-18',50,NULL),(1205,'PRESENT','08:00:00.000000','17:30:29.000000',NULL,NULL,'2025-04-18',51,NULL),(1206,'PRESENT','08:00:00.000000','17:30:29.000000',NULL,NULL,'2025-04-18',52,NULL),(1207,'PRESENT','08:00:00.000000','17:30:29.000000',NULL,NULL,'2025-04-18',53,NULL),(1208,'PRESENT','08:00:00.000000','17:30:29.000000',NULL,NULL,'2025-04-18',54,NULL),(1209,'PRESENT','08:00:00.000000','17:30:29.000000',NULL,NULL,'2025-04-18',55,NULL),(1210,'PRESENT','08:00:00.000000','17:30:29.000000',NULL,NULL,'2025-04-18',56,NULL),(1211,'PRESENT','08:00:00.000000','17:30:29.000000',NULL,NULL,'2025-04-18',72,NULL),(1212,'PRESENT','08:00:00.000000','17:30:29.000000',NULL,NULL,'2025-04-18',73,NULL),(1213,'PRESENT','08:00:00.000000','17:30:29.000000',NULL,NULL,'2025-04-18',74,NULL),(1214,'ABSENT','08:00:00.000000','17:30:29.000000',NULL,NULL,'2025-04-19',49,NULL),(1215,'ABSENT','08:00:00.000000','17:30:29.000000',NULL,NULL,'2025-04-19',50,NULL),(1216,'ABSENT','08:00:00.000000','17:30:29.000000',NULL,NULL,'2025-04-19',51,NULL),(1217,'ABSENT','08:00:00.000000','17:30:29.000000',NULL,NULL,'2025-04-19',52,NULL),(1218,'ABSENT','08:00:00.000000','17:30:29.000000',NULL,NULL,'2025-04-19',53,NULL),(1219,'ABSENT','08:00:00.000000','17:30:29.000000',NULL,NULL,'2025-04-19',54,NULL),(1220,'ABSENT','08:00:00.000000','17:30:29.000000',NULL,NULL,'2025-04-19',55,NULL),(1221,'ABSENT','08:00:00.000000','17:30:29.000000',NULL,NULL,'2025-04-19',56,NULL),(1222,'ABSENT','08:00:00.000000','17:30:29.000000',NULL,NULL,'2025-04-19',72,NULL),(1223,'ABSENT','08:00:00.000000','17:30:29.000000',NULL,NULL,'2025-04-19',73,NULL),(1224,'ABSENT','08:00:00.000000','17:30:29.000000',NULL,NULL,'2025-04-19',74,NULL),(1225,'ABSENT','08:00:00.000000','17:30:29.000000',NULL,NULL,'2025-04-20',49,NULL),(1226,'ABSENT','08:00:00.000000','17:30:29.000000',NULL,NULL,'2025-04-20',50,NULL),(1227,'ABSENT','08:00:00.000000','17:30:29.000000',NULL,NULL,'2025-04-20',51,NULL),(1228,'ABSENT','08:00:00.000000','17:30:29.000000',NULL,NULL,'2025-04-20',52,NULL),(1229,'ABSENT','08:00:00.000000','17:30:29.000000',NULL,NULL,'2025-04-20',53,NULL),(1230,'ABSENT','08:00:00.000000','17:30:29.000000',NULL,NULL,'2025-04-20',54,NULL),(1231,'ABSENT','08:00:00.000000','17:30:29.000000',NULL,NULL,'2025-04-20',55,NULL),(1232,'ABSENT','08:00:00.000000','17:30:29.000000',NULL,NULL,'2025-04-20',56,NULL),(1233,'ABSENT','08:00:00.000000','17:30:29.000000',NULL,NULL,'2025-04-20',72,NULL),(1234,'ABSENT','08:00:00.000000','17:30:29.000000',NULL,NULL,'2025-04-20',73,NULL),(1235,'ABSENT','08:00:00.000000','17:30:29.000000',NULL,NULL,'2025-04-20',74,NULL),(1236,'PRESENT','08:00:00.000000','17:30:29.000000',NULL,NULL,'2025-04-21',49,NULL),(1237,'PRESENT','08:00:00.000000','17:30:29.000000',NULL,NULL,'2025-04-21',50,NULL),(1238,'PRESENT','08:00:00.000000','17:30:29.000000',NULL,NULL,'2025-04-21',51,NULL),(1239,'PRESENT','08:00:00.000000','17:30:29.000000',NULL,NULL,'2025-04-21',52,NULL),(1240,'PRESENT','08:00:00.000000','17:30:29.000000',NULL,NULL,'2025-04-21',53,NULL),(1241,'PRESENT','08:00:00.000000','17:30:29.000000',NULL,NULL,'2025-04-21',54,NULL),(1242,'PRESENT','08:00:00.000000','17:30:29.000000',NULL,NULL,'2025-04-21',55,NULL),(1243,'PRESENT','08:00:00.000000','17:30:29.000000',NULL,NULL,'2025-04-21',56,NULL),(1244,'PRESENT','08:00:00.000000','17:30:29.000000',NULL,NULL,'2025-04-21',72,NULL),(1245,'PRESENT','08:00:00.000000','17:30:29.000000',NULL,NULL,'2025-04-21',73,NULL),(1246,'PRESENT','08:00:00.000000','17:30:29.000000',NULL,NULL,'2025-04-21',74,NULL),(1247,'PRESENT','08:00:00.000000','17:30:29.000000',NULL,NULL,'2025-04-22',49,NULL),(1248,'PRESENT','08:00:00.000000','17:30:29.000000',NULL,NULL,'2025-04-22',50,NULL),(1249,'PRESENT','08:00:00.000000','17:30:29.000000',NULL,NULL,'2025-04-22',51,NULL),(1250,'PRESENT','08:00:00.000000','17:30:29.000000',NULL,NULL,'2025-04-22',52,NULL),(1251,'PRESENT','08:00:00.000000','17:30:29.000000',NULL,NULL,'2025-04-22',53,NULL),(1252,'PRESENT','08:00:00.000000','17:30:29.000000',NULL,NULL,'2025-04-22',54,NULL),(1253,'PRESENT','08:00:00.000000','17:30:29.000000',NULL,NULL,'2025-04-22',55,NULL),(1254,'PRESENT','08:00:00.000000','17:30:29.000000',NULL,NULL,'2025-04-22',56,NULL),(1255,'PRESENT','08:00:00.000000','17:30:29.000000',NULL,NULL,'2025-04-22',72,NULL),(1256,'PRESENT','08:00:00.000000','17:30:29.000000',NULL,NULL,'2025-04-22',73,NULL),(1257,'PRESENT','08:00:00.000000','17:30:29.000000',NULL,NULL,'2025-04-22',74,NULL),(1258,'PRESENT','08:00:00.000000','17:30:29.000000',NULL,NULL,'2025-04-23',49,NULL),(1259,'PRESENT','08:00:00.000000','17:30:29.000000',NULL,NULL,'2025-04-23',50,NULL),(1260,'PRESENT','08:00:00.000000','17:30:29.000000',NULL,NULL,'2025-04-23',51,NULL),(1261,'PRESENT','08:00:00.000000','17:30:29.000000',NULL,NULL,'2025-04-23',52,NULL),(1262,'PRESENT','08:00:00.000000','17:30:29.000000',NULL,NULL,'2025-04-23',53,NULL),(1263,'PRESENT','08:00:00.000000','17:30:29.000000',NULL,NULL,'2025-04-23',54,NULL),(1264,'PRESENT','08:00:00.000000','17:30:29.000000',NULL,NULL,'2025-04-23',55,NULL),(1265,'PRESENT','08:00:00.000000','17:30:29.000000',NULL,NULL,'2025-04-23',56,NULL),(1266,'PRESENT','08:00:00.000000','17:30:29.000000',NULL,NULL,'2025-04-23',72,NULL),(1267,'PRESENT','08:00:00.000000','17:30:29.000000',NULL,NULL,'2025-04-23',73,NULL),(1268,'PRESENT','08:00:00.000000','17:30:29.000000',NULL,NULL,'2025-04-23',74,NULL),(1269,'PRESENT','08:00:00.000000','17:30:29.000000',NULL,NULL,'2025-04-24',49,NULL),(1270,'PRESENT','08:00:00.000000','17:30:29.000000',NULL,NULL,'2025-04-24',50,NULL),(1271,'PRESENT','08:00:00.000000','17:30:29.000000',NULL,NULL,'2025-04-24',51,NULL),(1272,'PRESENT','08:00:00.000000','17:30:29.000000',NULL,NULL,'2025-04-24',52,NULL),(1273,'PRESENT','08:00:00.000000','17:30:29.000000',NULL,NULL,'2025-04-24',53,NULL),(1274,'PRESENT','08:00:00.000000','17:30:29.000000',NULL,NULL,'2025-04-24',54,NULL),(1275,'PRESENT','08:00:00.000000','17:30:29.000000',NULL,NULL,'2025-04-24',55,NULL),(1276,'PRESENT','08:00:00.000000','17:30:29.000000',NULL,NULL,'2025-04-24',56,NULL),(1277,'PRESENT','08:00:00.000000','17:30:29.000000',NULL,NULL,'2025-04-24',72,NULL),(1278,'PRESENT','08:00:00.000000','17:30:29.000000',NULL,NULL,'2025-04-24',73,NULL),(1279,'PRESENT','08:00:00.000000','17:30:29.000000',NULL,NULL,'2025-04-24',74,NULL),(1280,'PRESENT','08:00:00.000000','17:30:29.000000',NULL,NULL,'2025-04-25',49,NULL),(1281,'PRESENT','08:00:00.000000','17:30:29.000000',NULL,NULL,'2025-04-25',50,NULL),(1282,'PRESENT','08:00:00.000000','17:30:29.000000',NULL,NULL,'2025-04-25',51,NULL),(1283,'PRESENT','08:00:00.000000','17:30:29.000000',NULL,NULL,'2025-04-25',52,NULL),(1284,'PRESENT','08:00:00.000000','17:30:29.000000',NULL,NULL,'2025-04-25',53,NULL),(1285,'PRESENT','08:00:00.000000','17:30:29.000000',NULL,NULL,'2025-04-25',54,NULL),(1286,'PRESENT','08:00:00.000000','17:30:29.000000',NULL,NULL,'2025-04-25',55,NULL),(1287,'PRESENT','08:00:00.000000','17:30:29.000000',NULL,NULL,'2025-04-25',56,NULL),(1288,'PRESENT','08:00:00.000000','17:30:29.000000',NULL,NULL,'2025-04-25',72,NULL),(1289,'PRESENT','08:00:00.000000','17:30:29.000000',NULL,NULL,'2025-04-25',73,NULL),(1290,'PRESENT','08:00:00.000000','17:30:29.000000',NULL,NULL,'2025-04-25',74,NULL),(1291,'ABSENT','08:00:00.000000','17:30:29.000000',NULL,NULL,'2025-04-26',49,NULL),(1292,'ABSENT','08:00:00.000000','17:30:29.000000',NULL,NULL,'2025-04-26',50,NULL),(1293,'ABSENT','08:00:00.000000','17:30:29.000000',NULL,NULL,'2025-04-26',51,NULL),(1294,'ABSENT','08:00:00.000000','17:30:29.000000',NULL,NULL,'2025-04-26',52,NULL),(1295,'ABSENT','08:00:00.000000','17:30:29.000000',NULL,NULL,'2025-04-26',53,NULL),(1296,'ABSENT','08:00:00.000000','17:30:29.000000',NULL,NULL,'2025-04-26',54,NULL),(1297,'ABSENT','08:00:00.000000','17:30:29.000000',NULL,NULL,'2025-04-26',55,NULL),(1298,'ABSENT','08:00:00.000000','17:30:29.000000',NULL,NULL,'2025-04-26',56,NULL),(1299,'ABSENT','08:00:00.000000','17:30:29.000000',NULL,NULL,'2025-04-26',72,NULL),(1300,'ABSENT','08:00:00.000000','17:30:29.000000',NULL,NULL,'2025-04-26',73,NULL),(1301,'ABSENT','08:00:00.000000','17:30:29.000000',NULL,NULL,'2025-04-26',74,NULL),(1302,'ABSENT','08:00:00.000000','17:30:29.000000',NULL,NULL,'2025-04-27',49,NULL),(1303,'ABSENT','08:00:00.000000','17:30:29.000000',NULL,NULL,'2025-04-27',50,NULL),(1304,'ABSENT','08:00:00.000000','17:30:29.000000',NULL,NULL,'2025-04-27',51,NULL),(1305,'ABSENT','08:00:00.000000','17:30:29.000000',NULL,NULL,'2025-04-27',52,NULL),(1306,'ABSENT','08:00:00.000000','17:30:29.000000',NULL,NULL,'2025-04-27',53,NULL),(1307,'ABSENT','08:00:00.000000','17:30:29.000000',NULL,NULL,'2025-04-27',54,NULL),(1308,'ABSENT','08:00:00.000000','17:30:29.000000',NULL,NULL,'2025-04-27',55,NULL),(1309,'ABSENT','08:00:00.000000','17:30:29.000000',NULL,NULL,'2025-04-27',56,NULL),(1310,'ABSENT','08:00:00.000000','17:30:29.000000',NULL,NULL,'2025-04-27',72,NULL),(1311,'ABSENT','08:00:00.000000','17:30:29.000000',NULL,NULL,'2025-04-27',73,NULL),(1312,'ABSENT','08:00:00.000000','17:30:29.000000',NULL,NULL,'2025-04-27',74,NULL),(1313,'PRESENT','08:00:00.000000','17:30:29.000000',NULL,NULL,'2025-04-28',49,NULL),(1314,'PRESENT','08:00:00.000000','17:30:29.000000',NULL,NULL,'2025-04-28',50,NULL),(1315,'PRESENT','08:00:00.000000','17:30:29.000000',NULL,NULL,'2025-04-28',51,NULL),(1316,'PRESENT','08:00:00.000000','17:30:29.000000',NULL,NULL,'2025-04-28',52,NULL),(1317,'PRESENT','08:00:00.000000','17:30:29.000000',NULL,NULL,'2025-04-28',53,NULL),(1318,'PRESENT','08:00:00.000000','17:30:29.000000',NULL,NULL,'2025-04-28',54,NULL),(1319,'PRESENT','08:00:00.000000','17:30:29.000000',NULL,NULL,'2025-04-28',55,NULL),(1320,'PRESENT','08:00:00.000000','17:30:29.000000',NULL,NULL,'2025-04-28',56,NULL),(1321,'PRESENT','08:00:00.000000','17:30:29.000000',NULL,NULL,'2025-04-28',72,NULL),(1322,'PRESENT','08:00:00.000000','17:30:29.000000',NULL,NULL,'2025-04-28',73,NULL),(1323,'PRESENT','08:00:00.000000','17:30:29.000000',NULL,NULL,'2025-04-28',74,NULL),(1324,'PRESENT','00:00:00.000000','17:30:29.000000',NULL,NULL,'2025-04-29',49,NULL),(1325,'PRESENT','08:00:00.000000','17:30:29.000000',NULL,NULL,'2025-04-29',50,NULL),(1326,'PRESENT','08:00:00.000000','17:30:29.000000',NULL,NULL,'2025-04-29',51,NULL),(1327,'PRESENT','08:00:00.000000','17:30:29.000000',NULL,NULL,'2025-04-29',52,NULL),(1328,'PRESENT','08:00:00.000000','17:30:29.000000',NULL,NULL,'2025-04-29',53,NULL),(1329,'PRESENT','08:00:00.000000','17:30:29.000000',NULL,NULL,'2025-04-29',54,NULL),(1330,'PRESENT','08:00:00.000000','17:30:29.000000',NULL,NULL,'2025-04-29',55,NULL),(1331,'PRESENT','08:00:00.000000','17:30:29.000000',NULL,NULL,'2025-04-29',56,NULL),(1332,'PRESENT','08:00:00.000000','17:30:29.000000',NULL,NULL,'2025-04-29',72,NULL),(1333,'PRESENT','08:00:00.000000','17:30:29.000000',NULL,NULL,'2025-04-29',73,NULL),(1334,'PRESENT','08:00:00.000000','17:30:29.000000',NULL,NULL,'2025-04-29',74,NULL),(1335,'ON_LEAVE',NULL,NULL,NULL,'HOLIDAY','2025-04-30',49,4),(1336,'ON_LEAVE',NULL,NULL,NULL,'HOLIDAY','2025-04-30',50,4),(1337,'ON_LEAVE',NULL,NULL,NULL,'HOLIDAY','2025-04-30',51,4),(1338,'ON_LEAVE',NULL,NULL,NULL,'HOLIDAY','2025-04-30',52,4),(1339,'ON_LEAVE',NULL,NULL,NULL,'HOLIDAY','2025-04-30',53,4),(1340,'ON_LEAVE',NULL,NULL,NULL,'HOLIDAY','2025-04-30',54,4),(1341,'ON_LEAVE',NULL,NULL,NULL,'HOLIDAY','2025-04-30',55,4),(1342,'ON_LEAVE',NULL,NULL,NULL,'HOLIDAY','2025-04-30',56,4),(1343,'ON_LEAVE',NULL,NULL,NULL,'HOLIDAY','2025-04-30',72,4),(1344,'ON_LEAVE',NULL,NULL,NULL,'HOLIDAY','2025-04-30',73,4),(1345,'ON_LEAVE',NULL,NULL,NULL,'HOLIDAY','2025-04-30',74,4);
/*!40000 ALTER TABLE `attendance_details` ENABLE KEYS */;
UNLOCK TABLES;

--
-- Table structure for table `attendances`
--

DROP TABLE IF EXISTS `attendances`;
/*!40101 SET @saved_cs_client     = @@character_set_client */;
/*!50503 SET character_set_client = utf8mb4 */;
CREATE TABLE `attendances` (
  `id` bigint NOT NULL AUTO_INCREMENT,
  `month_of_year` varchar(255) DEFAULT NULL,
  `total_holiday_leaves` int NOT NULL,
  `total_maternity_leaves` int NOT NULL,
  `total_paid_leaves` int NOT NULL,
  `total_sick_leaves` int NOT NULL,
  `total_unpaid_leaves` int NOT NULL,
  `total_working_days` int NOT NULL,
  `user_id` bigint DEFAULT NULL,
  `standard_working_days` int NOT NULL,
  PRIMARY KEY (`id`),
  KEY `FK8o39cn3ghqwhccyrrqdesttr8` (`user_id`),
  CONSTRAINT `FK8o39cn3ghqwhccyrrqdesttr8` FOREIGN KEY (`user_id`) REFERENCES `users` (`id`)
) ENGINE=InnoDB AUTO_INCREMENT=78 DEFAULT CHARSET=utf8mb4 COLLATE=utf8mb4_0900_ai_ci;
/*!40101 SET character_set_client = @saved_cs_client */;

--
-- Dumping data for table `attendances`
--

LOCK TABLES `attendances` WRITE;
/*!40000 ALTER TABLE `attendances` DISABLE KEYS */;
INSERT INTO `attendances` VALUES (1,'2024-10',0,0,0,0,0,23,3,23),(2,'2024-10',0,0,0,0,0,23,4,23),(3,'2024-10',0,0,0,0,0,23,5,23),(4,'2024-10',0,0,0,0,0,23,6,23),(5,'2024-10',0,0,0,0,0,23,7,23),(6,'2024-10',0,0,0,0,0,23,8,23),(7,'2024-10',0,0,0,0,0,23,9,23),(8,'2024-10',0,0,0,0,0,23,10,23),(9,'2024-11',0,0,0,0,0,21,3,21),(10,'2024-11',0,0,0,0,0,21,4,21),(11,'2024-11',0,0,0,0,0,21,5,21),(12,'2024-11',0,0,0,0,0,21,6,21),(13,'2024-11',0,0,0,0,0,21,7,21),(14,'2024-11',0,0,0,0,0,21,8,21),(15,'2024-11',0,0,0,0,0,21,9,21),(16,'2024-11',0,0,0,0,0,21,10,21),(17,'2024-12',0,0,0,0,0,22,3,22),(18,'2024-12',0,0,0,0,0,22,4,22),(19,'2024-12',0,0,0,0,0,22,5,22),(20,'2024-12',0,0,0,0,0,22,6,22),(21,'2024-12',0,0,0,0,0,22,7,22),(22,'2024-12',0,0,0,0,0,22,8,22),(23,'2024-12',0,0,0,0,0,22,9,22),(24,'2024-12',0,0,0,0,0,22,10,22),(25,'2025-01',5,0,3,0,0,14,3,18),(26,'2025-01',5,0,0,0,0,18,4,18),(27,'2025-01',5,0,0,4,0,14,5,18),(28,'2025-01',5,0,0,0,0,18,6,18),(29,'2025-01',5,0,0,0,0,18,7,18),(30,'2025-01',5,0,0,0,0,18,8,18),(31,'2025-01',5,0,0,0,0,18,9,18),(32,'2025-01',5,0,0,0,0,18,10,18),(33,'2025-02',3,0,0,0,0,19,3,19),(34,'2025-02',3,0,0,0,0,19,4,19),(35,'2025-02',3,0,0,0,0,19,5,19),(36,'2025-02',3,0,0,0,0,19,6,19),(37,'2025-02',3,0,0,0,0,19,7,19),(38,'2025-02',3,0,0,0,0,19,8,19),(39,'2025-02',3,0,0,0,0,19,9,19),(40,'2025-02',3,0,0,0,0,19,10,19),(41,'2025-03',0,0,0,0,1,20,3,21),(42,'2025-03',0,0,0,0,1,20,4,21),(43,'2025-03',0,0,0,0,1,20,5,21),(44,'2025-03',0,0,0,0,1,20,6,21),(45,'2025-03',0,0,0,0,1,20,7,21),(46,'2025-03',0,0,0,0,1,20,8,21),(47,'2025-03',0,0,0,0,2,19,9,21),(48,'2025-03',0,0,0,0,1,20,10,21),(49,'2025-04',3,0,0,0,16,20,3,20),(50,'2025-04',3,0,0,0,16,20,4,20),(51,'2025-04',3,0,0,0,16,20,5,20),(52,'2025-04',3,0,0,0,16,20,6,20),(53,'2025-04',3,0,0,0,16,20,7,20),(54,'2025-04',3,0,0,0,16,20,8,20),(55,'2025-04',3,0,0,0,16,20,9,20),(56,'2025-04',3,0,0,0,16,20,10,20),(72,'2025-04',3,0,0,0,16,20,11,20),(73,'2025-04',3,0,0,0,16,20,12,20),(74,'2025-04',3,0,0,0,16,20,13,20);
/*!40000 ALTER TABLE `attendances` ENABLE KEYS */;
UNLOCK TABLES;

--
-- Table structure for table `authors`
--

DROP TABLE IF EXISTS `authors`;
/*!40101 SET @saved_cs_client     = @@character_set_client */;
/*!50503 SET character_set_client = utf8mb4 */;
CREATE TABLE `authors` (
  `id` bigint NOT NULL AUTO_INCREMENT,
  `created_at` datetime(6) DEFAULT NULL,
  `name` varchar(255) NOT NULL,
  `updated_at` datetime(6) DEFAULT NULL,
  PRIMARY KEY (`id`)
) ENGINE=InnoDB AUTO_INCREMENT=12 DEFAULT CHARSET=utf8mb4 COLLATE=utf8mb4_0900_ai_ci;
/*!40101 SET character_set_client = @saved_cs_client */;

--
-- Dumping data for table `authors`
--

LOCK TABLES `authors` WRITE;
/*!40000 ALTER TABLE `authors` DISABLE KEYS */;
INSERT INTO `authors` VALUES (1,'2025-03-28 18:18:56.000000','Nguyn Nht nh','2025-03-28 18:18:56.000000'),(2,'2025-03-28 18:18:56.000000','H Biu Chnh','2025-03-28 18:18:56.000000'),(3,'2025-03-28 18:18:56.000000','Nam Cao','2025-03-28 18:18:56.000000'),(4,'2025-03-28 18:18:56.000000','Ng Tt T','2025-03-28 18:18:56.000000'),(5,'2025-03-28 18:18:56.000000','T Hoi','2025-03-28 18:18:56.000000'),(6,'2025-03-28 18:18:56.000000','V Trng Phng','2025-03-28 18:18:56.000000'),(7,'2025-03-28 18:18:56.000000','Xun Qunh','2025-03-28 18:18:56.000000'),(8,'2025-03-28 18:18:56.000000','Nguyn Huy Thip','2025-03-28 18:18:56.000000'),(9,'2025-03-28 18:18:56.000000','Bi Anh Tn','2025-03-28 18:18:56.000000'),(10,'2025-03-28 18:18:56.000000','Nguyn Ngc T','2025-03-28 18:18:56.000000'),(11,'2025-03-29 01:19:57.144042','Test tc gi','2025-03-29 01:20:59.307519');
/*!40000 ALTER TABLE `authors` ENABLE KEYS */;
UNLOCK TABLES;

--
-- Table structure for table `bill_details`
--

DROP TABLE IF EXISTS `bill_details`;
/*!40101 SET @saved_cs_client     = @@character_set_client */;
/*!50503 SET character_set_client = utf8mb4 */;
CREATE TABLE `bill_details` (
  `id` bigint NOT NULL AUTO_INCREMENT,
  `quantity` int NOT NULL,
  `sub_price` decimal(19,4) NOT NULL,
  `bill_id` bigint NOT NULL,
  `product_id` bigint NOT NULL,
  PRIMARY KEY (`id`),
  KEY `FKfwm4sko9p82ndh6belyxx12bj` (`bill_id`),
  KEY `FK4iagdr0uhsq4tj0ag99nmmya1` (`product_id`),
  CONSTRAINT `FK4iagdr0uhsq4tj0ag99nmmya1` FOREIGN KEY (`product_id`) REFERENCES `products` (`id`),
  CONSTRAINT `FKfwm4sko9p82ndh6belyxx12bj` FOREIGN KEY (`bill_id`) REFERENCES `bills` (`id`)
) ENGINE=InnoDB AUTO_INCREMENT=11 DEFAULT CHARSET=utf8mb4 COLLATE=utf8mb4_0900_ai_ci;
/*!40101 SET character_set_client = @saved_cs_client */;

--
-- Dumping data for table `bill_details`
--

LOCK TABLES `bill_details` WRITE;
/*!40000 ALTER TABLE `bill_details` DISABLE KEYS */;
INSERT INTO `bill_details` VALUES (9,3,132000.0000,5,1),(10,4,108900.0000,5,2);
/*!40000 ALTER TABLE `bill_details` ENABLE KEYS */;
UNLOCK TABLES;

--
-- Table structure for table `bills`
--

DROP TABLE IF EXISTS `bills`;
/*!40101 SET @saved_cs_client     = @@character_set_client */;
/*!50503 SET character_set_client = utf8mb4 */;
CREATE TABLE `bills` (
  `id` bigint NOT NULL AUTO_INCREMENT,
  `address` varchar(255) DEFAULT NULL,
  `created_at` datetime(6) DEFAULT NULL,
  `total_price` decimal(19,4) NOT NULL,
  `updated_at` datetime(6) DEFAULT NULL,
  `customer_id` bigint NOT NULL,
  `user_id` bigint NOT NULL,
  PRIMARY KEY (`id`),
  KEY `FKoy9sc2dmxj2qwjeiiilf3yuxp` (`customer_id`),
  KEY `FKk8vs7ac9xknv5xp18pdiehpp1` (`user_id`),
  CONSTRAINT `FKk8vs7ac9xknv5xp18pdiehpp1` FOREIGN KEY (`user_id`) REFERENCES `users` (`id`),
  CONSTRAINT `FKoy9sc2dmxj2qwjeiiilf3yuxp` FOREIGN KEY (`customer_id`) REFERENCES `customers` (`id`)
) ENGINE=InnoDB AUTO_INCREMENT=6 DEFAULT CHARSET=utf8mb4 COLLATE=utf8mb4_0900_ai_ci;
/*!40101 SET character_set_client = @saved_cs_client */;

--
-- Dumping data for table `bills`
--

LOCK TABLES `bills` WRITE;
/*!40000 ALTER TABLE `bills` DISABLE KEYS */;
INSERT INTO `bills` VALUES (5,'456 ng L Thi T, Qun 3, TP.HCM','2025-05-03 15:43:44.914718',831600.0000,'2025-05-03 15:43:44.926743',2,3);
/*!40000 ALTER TABLE `bills` ENABLE KEYS */;
UNLOCK TABLES;

--
-- Table structure for table `categories`
--

DROP TABLE IF EXISTS `categories`;
/*!40101 SET @saved_cs_client     = @@character_set_client */;
/*!50503 SET character_set_client = utf8mb4 */;
CREATE TABLE `categories` (
  `id` bigint NOT NULL AUTO_INCREMENT,
  `created_at` datetime(6) DEFAULT NULL,
  `name` varchar(255) NOT NULL,
  `status` int DEFAULT '1',
  `updated_at` datetime(6) DEFAULT NULL,
  PRIMARY KEY (`id`),
  UNIQUE KEY `UKt8o6pivur7nn124jehx7cygw5` (`name`)
) ENGINE=InnoDB AUTO_INCREMENT=11 DEFAULT CHARSET=utf8mb4 COLLATE=utf8mb4_0900_ai_ci;
/*!40101 SET character_set_client = @saved_cs_client */;

--
-- Dumping data for table `categories`
--

LOCK TABLES `categories` WRITE;
/*!40000 ALTER TABLE `categories` DISABLE KEYS */;
INSERT INTO `categories` VALUES (1,'2025-03-28 18:17:43.000000','Khoa hc vin tng',1,'2025-03-28 18:17:43.000000'),(2,'2025-03-28 18:17:43.000000','Trinh thm',1,'2025-03-28 18:17:43.000000'),(3,'2025-03-28 18:17:43.000000','Kinh d',0,'2025-03-28 18:17:43.000000'),(4,'2025-03-28 18:17:43.000000','Lng mn',1,'2025-03-28 18:17:43.000000'),(5,'2025-03-28 18:17:43.000000','Gi tng',1,'2025-03-28 18:17:43.000000'),(6,'2025-03-28 18:17:43.000000','Lch s',0,'2025-03-28 18:17:43.000000'),(7,'2025-03-28 18:17:43.000000','Tiu s - Hi k',1,'2025-03-28 18:17:43.000000'),(8,'2025-03-28 18:17:43.000000','Hnh ng - Phiu lu',1,'2025-03-28 18:17:43.000000'),(9,'2025-03-28 18:17:43.000000','Tm l - K nng sng',1,'2025-03-28 18:17:43.000000'),(10,'2025-03-28 18:17:43.000000','Truyn tranh',0,'2025-03-28 18:17:43.000000');
/*!40000 ALTER TABLE `categories` ENABLE KEYS */;
UNLOCK TABLES;

--
-- Table structure for table `contracts`
--

DROP TABLE IF EXISTS `contracts`;
/*!40101 SET @saved_cs_client     = @@character_set_client */;
/*!50503 SET character_set_client = utf8mb4 */;
CREATE TABLE `contracts` (
  `id` bigint NOT NULL AUTO_INCREMENT,
  `base_salary` decimal(19,4) NOT NULL,
  `end_date` date DEFAULT NULL,
  `expiry_date` date DEFAULT NULL,
  `start_date` date DEFAULT NULL,
  `status` int NOT NULL,
  `seniority_level` bigint NOT NULL,
  `user_id` bigint NOT NULL,
  PRIMARY KEY (`id`),
  KEY `FKa685dj982h13eolw5pkd65wll` (`seniority_level`),
  KEY `FKq3v8dxlubujug7dxvpauig94n` (`user_id`),
  CONSTRAINT `FKa685dj982h13eolw5pkd65wll` FOREIGN KEY (`seniority_level`) REFERENCES `seniority_levels` (`id`),
  CONSTRAINT `FKq3v8dxlubujug7dxvpauig94n` FOREIGN KEY (`user_id`) REFERENCES `users` (`id`)
) ENGINE=InnoDB AUTO_INCREMENT=17 DEFAULT CHARSET=utf8mb4 COLLATE=utf8mb4_0900_ai_ci;
/*!40101 SET character_set_client = @saved_cs_client */;

--
-- Dumping data for table `contracts`
--

LOCK TABLES `contracts` WRITE;
/*!40000 ALTER TABLE `contracts` DISABLE KEYS */;
INSERT INTO `contracts` VALUES (1,0.0000,'9999-02-28','9999-02-28','2024-10-01',1,14,2),(2,8000000.0000,'2026-12-31','2026-12-31','2024-10-01',1,2,3),(3,15000000.0000,'2026-12-31','2026-12-31','2024-10-01',1,5,4),(4,12000000.0000,'2026-12-31','2026-12-31','2024-10-01',1,8,5),(5,18000000.0000,'2026-12-31','2026-12-31','2024-10-01',1,11,6),(10,8000000.0000,'2026-02-28','2026-02-28','2024-10-01',1,2,7),(11,7000000.0000,'2026-02-28','2026-02-28','2024-10-01',1,2,8),(12,8000000.0000,'2026-02-28','2026-02-28','2024-10-01',1,2,9),(13,8000000.0000,'2026-02-28','2026-02-28','2024-10-01',1,2,10),(14,8000000.0000,'2027-04-30','2027-04-30','2025-04-01',1,1,11),(15,7000000.0000,'2027-04-30','2027-04-30','2025-04-01',1,1,12),(16,9000000.0000,'2027-04-30','2027-04-30','2025-04-01',1,1,13);
/*!40000 ALTER TABLE `contracts` ENABLE KEYS */;
UNLOCK TABLES;

--
-- Table structure for table `customers`
--

DROP TABLE IF EXISTS `customers`;
/*!40101 SET @saved_cs_client     = @@character_set_client */;
/*!50503 SET character_set_client = utf8mb4 */;
CREATE TABLE `customers` (
  `id` bigint NOT NULL AUTO_INCREMENT,
  `name` varchar(255) DEFAULT NULL,
  `phone_number` varchar(255) DEFAULT NULL,
  `address` varchar(255) DEFAULT NULL,
  `created_at` datetime(6) DEFAULT NULL,
  `email` varchar(255) DEFAULT NULL,
  `status` int NOT NULL,
  `updated_at` datetime(6) DEFAULT NULL,
  PRIMARY KEY (`id`)
) ENGINE=InnoDB AUTO_INCREMENT=11 DEFAULT CHARSET=utf8mb4 COLLATE=utf8mb4_0900_ai_ci;
/*!40101 SET character_set_client = @saved_cs_client */;

--
-- Dumping data for table `customers`
--

LOCK TABLES `customers` WRITE;
/*!40000 ALTER TABLE `customers` DISABLE KEYS */;
INSERT INTO `customers` VALUES (1,'Nguyn Vn A','0912345678','123 ng Trn Hng o, Qun 1, TP.HCM','2025-03-10 14:43:52.000000','nguyenvana@example.com',1,'2025-03-10 14:43:52.000000'),(2,'Trn Th B','0987654321','456 ng L Thi T, Qun 3, TP.HCM','2025-03-10 14:43:52.000000','tranthib@example.com',1,'2025-03-10 14:43:52.000000'),(3,'L Minh C','0901122334','789 ng Nguyn Vn C, Qun 5, TP.HCM','2025-03-10 14:43:52.000000','leminhc@example.com',1,'2025-03-10 14:43:52.000000'),(4,'Phm Vn D','0923456789','321 ng V Vn Kit, Qun 10, TP.HCM','2025-03-10 14:43:52.000000','phamvand@example.com',1,'2025-03-10 14:43:52.000000'),(5,'Hong Th E','0934567890','567 ng Cng Ha, Qun Tn Bnh, TP.HCM','2025-03-10 14:43:52.000000','hoangthie@example.com',1,'2025-03-10 14:43:52.000000'),(6,'ng Vn F','0945678901','678 ng Phm Vn ng, TP.Th c, TP.HCM','2025-03-10 14:43:52.000000','dangvanf@example.com',1,'2025-03-10 14:43:52.000000'),(7,'Bi Th G','0956789012','789 ng Nguyn Tri, Qun 3, TP.HCM','2025-03-10 14:43:52.000000','buithig@example.com',1,'2025-03-10 14:43:52.000000'),(8,'Ng Vn H','0967890123','890 ng Hai B Trng, Qun 1, TP.HCM','2025-03-10 14:43:52.000000','ngovanh@example.com',1,'2025-03-10 14:43:52.000000'),(9,'Dng Th I','0978901234','101 ng L Li, Qun 1, TP.HCM','2025-03-10 14:43:52.000000','duongthii@example.com',1,'2025-03-10 14:43:52.000000'),(10,'V Minh K','0989012345','202 ng in Bin Ph, Qun Bnh Thnh, TP.HCM','2025-03-10 14:43:52.000000','vuminhk@example.com',1,'2025-03-10 14:43:52.000000');
/*!40000 ALTER TABLE `customers` ENABLE KEYS */;
UNLOCK TABLES;

--
-- Table structure for table `good_receipt_details`
--

DROP TABLE IF EXISTS `good_receipt_details`;
/*!40101 SET @saved_cs_client     = @@character_set_client */;
/*!50503 SET character_set_client = utf8mb4 */;
CREATE TABLE `good_receipt_details` (
  `id` bigint NOT NULL AUTO_INCREMENT,
  `input_price` decimal(19,4) NOT NULL,
  `quantity` int NOT NULL,
  `good_receipt_id` bigint NOT NULL,
  `product_id` bigint NOT NULL,
  PRIMARY KEY (`id`),
  KEY `FKds2up0fhjemb8ug5v28eb35r4` (`good_receipt_id`),
  KEY `FKi25t5ni7hi6e6fvmiagxfc0jy` (`product_id`),
  CONSTRAINT `FKds2up0fhjemb8ug5v28eb35r4` FOREIGN KEY (`good_receipt_id`) REFERENCES `good_receipts` (`id`),
  CONSTRAINT `FKi25t5ni7hi6e6fvmiagxfc0jy` FOREIGN KEY (`product_id`) REFERENCES `products` (`id`)
) ENGINE=InnoDB AUTO_INCREMENT=3 DEFAULT CHARSET=utf8mb4 COLLATE=utf8mb4_0900_ai_ci;
/*!40101 SET character_set_client = @saved_cs_client */;

--
-- Dumping data for table `good_receipt_details`
--

LOCK TABLES `good_receipt_details` WRITE;
/*!40000 ALTER TABLE `good_receipt_details` DISABLE KEYS */;
INSERT INTO `good_receipt_details` VALUES (1,108000.0000,10,1,1),(2,84150.0000,15,1,2);
/*!40000 ALTER TABLE `good_receipt_details` ENABLE KEYS */;
UNLOCK TABLES;

--
-- Table structure for table `good_receipts`
--

DROP TABLE IF EXISTS `good_receipts`;
/*!40101 SET @saved_cs_client     = @@character_set_client */;
/*!50503 SET character_set_client = utf8mb4 */;
CREATE TABLE `good_receipts` (
  `id` bigint NOT NULL AUTO_INCREMENT,
  `created_at` datetime(6) DEFAULT NULL,
  `total_price` decimal(19,4) NOT NULL,
  `updated_at` datetime(6) DEFAULT NULL,
  `user_id` bigint DEFAULT NULL,
  PRIMARY KEY (`id`),
  KEY `FKf5qtokynne3a2n7mn566ohxyh` (`user_id`),
  CONSTRAINT `FKf5qtokynne3a2n7mn566ohxyh` FOREIGN KEY (`user_id`) REFERENCES `users` (`id`)
) ENGINE=InnoDB AUTO_INCREMENT=2 DEFAULT CHARSET=utf8mb4 COLLATE=utf8mb4_0900_ai_ci;
/*!40101 SET character_set_client = @saved_cs_client */;

--
-- Dumping data for table `good_receipts`
--

LOCK TABLES `good_receipts` WRITE;
/*!40000 ALTER TABLE `good_receipts` DISABLE KEYS */;
INSERT INTO `good_receipts` VALUES (1,'2025-03-12 15:26:01.407869',2342250.0000,'2025-03-12 15:26:01.453898',5);
/*!40000 ALTER TABLE `good_receipts` ENABLE KEYS */;
UNLOCK TABLES;

--
-- Table structure for table `holidays`
--

DROP TABLE IF EXISTS `holidays`;
/*!40101 SET @saved_cs_client     = @@character_set_client */;
/*!50503 SET character_set_client = utf8mb4 */;
CREATE TABLE `holidays` (
  `id` bigint NOT NULL AUTO_INCREMENT,
  `description` mediumtext,
  `end_date` date DEFAULT NULL,
  `start_date` date DEFAULT NULL,
  `status` int NOT NULL,
  `name` varchar(255) NOT NULL,
  PRIMARY KEY (`id`)
) ENGINE=InnoDB AUTO_INCREMENT=7 DEFAULT CHARSET=utf8mb4 COLLATE=utf8mb4_0900_ai_ci;
/*!40101 SET character_set_client = @saved_cs_client */;

--
-- Dumping data for table `holidays`
--

LOCK TABLES `holidays` WRITE;
/*!40000 ALTER TABLE `holidays` DISABLE KEYS */;
INSERT INTO `holidays` VALUES (1,'Tt Dng lch - Ngy u nm mi theo lch Gregory','2025-01-01','2025-01-01',1,'Tt Dng lch'),(2,'Tt Nguyn n - K ngh l quan trng nht trong nm, ko di 7 ngy','2025-02-03','2025-01-28',1,'Tt Nguyn n'),(3,'Gi t hng vng','2025-04-07','2025-04-07',1,'Gi t hng vng'),(4,'Dp ngh l ngy Chin thng 30/4 v ngy Quc t lao ng 01/5 nm 2025','2025-05-04','2025-04-30',1,'30/4-1/5'),(5,'Quc khnh Vit Nam','2025-09-02','2025-09-02',1,'2/9');
/*!40000 ALTER TABLE `holidays` ENABLE KEYS */;
UNLOCK TABLES;

--
-- Table structure for table `leave_requests`
--

DROP TABLE IF EXISTS `leave_requests`;
/*!40101 SET @saved_cs_client     = @@character_set_client */;
/*!50503 SET character_set_client = utf8mb4 */;
CREATE TABLE `leave_requests` (
  `id` bigint NOT NULL AUTO_INCREMENT,
  `description` mediumtext,
  `end_date` date NOT NULL,
  `leave_reason` enum('HOLIDAY','MATERNITY_LEAVE','PAID_LEAVE','SICK_LEAVE') NOT NULL,
  `send_date` datetime(6) DEFAULT NULL,
  `start_date` date NOT NULL,
  `status` int NOT NULL,
  `title` varchar(255) NOT NULL,
  `updated_at` datetime(6) DEFAULT NULL,
  `user_id` bigint DEFAULT NULL,
  `total_day_leave` bigint NOT NULL,
  PRIMARY KEY (`id`),
  KEY `FKh6s8bo5d59oy52b6nxfguf4yx` (`user_id`),
  CONSTRAINT `FKh6s8bo5d59oy52b6nxfguf4yx` FOREIGN KEY (`user_id`) REFERENCES `users` (`id`)
) ENGINE=InnoDB AUTO_INCREMENT=8 DEFAULT CHARSET=utf8mb4 COLLATE=utf8mb4_0900_ai_ci;
/*!40101 SET character_set_client = @saved_cs_client */;

--
-- Dumping data for table `leave_requests`
--

LOCK TABLES `leave_requests` WRITE;
/*!40000 ALTER TABLE `leave_requests` DISABLE KEYS */;
INSERT INTO `leave_requests` VALUES (6,'Ti cn ngh php  x l vic gia nh.','2025-01-10','PAID_LEAVE','2025-04-02 14:14:27.654494','2025-01-08',1,'Ngh vic gia nh','2025-04-02 14:14:27.654494',3,3),(7,'Ti cn ngh php v l do sc khe.','2025-01-20','SICK_LEAVE','2025-04-02 14:15:27.020854','2025-01-15',1,'Ngh m','2025-04-02 14:15:27.020854',5,6);
/*!40000 ALTER TABLE `leave_requests` ENABLE KEYS */;
UNLOCK TABLES;

--
-- Table structure for table `payrolls`
--

DROP TABLE IF EXISTS `payrolls`;
/*!40101 SET @saved_cs_client     = @@character_set_client */;
/*!50503 SET character_set_client = utf8mb4 */;
CREATE TABLE `payrolls` (
  `id` bigint NOT NULL AUTO_INCREMENT,
  `allowance` decimal(19,4) NOT NULL,
  `base_salary` decimal(19,4) NOT NULL,
  `employeebhtn` decimal(19,4) NOT NULL,
  `employeebhxh` decimal(19,4) NOT NULL,
  `employeebhyt` decimal(19,4) NOT NULL,
  `gross_salary` decimal(19,4) NOT NULL,
  `maternity_benefit` decimal(19,4) NOT NULL,
  `net_salary` decimal(19,4) NOT NULL,
  `penalties` decimal(19,4) NOT NULL,
  `salary_coefficient` float NOT NULL,
  `sick_benefit` decimal(19,4) NOT NULL,
  `tax` decimal(19,4) NOT NULL,
  `total_company_cost` decimal(19,4) NOT NULL,
  `total_income` decimal(19,4) NOT NULL,
  `attendance_id` bigint NOT NULL,
  PRIMARY KEY (`id`),
  UNIQUE KEY `UK6rnl02upmdwog20grcubko3vk` (`attendance_id`),
  CONSTRAINT `FKe2vymg8kl12b8svk7ec2y1dn8` FOREIGN KEY (`attendance_id`) REFERENCES `attendances` (`id`)
) ENGINE=InnoDB AUTO_INCREMENT=100 DEFAULT CHARSET=utf8mb4 COLLATE=utf8mb4_0900_ai_ci;
/*!40101 SET character_set_client = @saved_cs_client */;

--
-- Dumping data for table `payrolls`
--

LOCK TABLES `payrolls` WRITE;
/*!40000 ALTER TABLE `payrolls` DISABLE KEYS */;
INSERT INTO `payrolls` VALUES (41,300000.0000,8000000.0000,83000.0000,664000.0000,124500.0000,8300000.0000,0.0000,7428500.0000,0.0000,1,0.0000,0.0000,10084500.0000,7428500.0000,1),(42,500000.0000,15000000.0000,155000.0000,1240000.0000,232500.0000,15500000.0000,0.0000,13728875.0000,0.0000,1,0.0000,143625.0000,18832500.0000,13728875.0000,2),(43,500000.0000,12000000.0000,125000.0000,1000000.0000,187500.0000,12500000.0000,0.0000,11178125.0000,0.0000,1,0.0000,9375.0000,15187500.0000,11178125.0000,3),(44,500000.0000,18000000.0000,185000.0000,1480000.0000,277500.0000,18500000.0000,0.0000,16251750.0000,0.0000,1,0.0000,305750.0000,22477500.0000,16251750.0000,4),(45,300000.0000,8000000.0000,83000.0000,664000.0000,124500.0000,8300000.0000,0.0000,7428500.0000,0.0000,1,0.0000,0.0000,10084500.0000,7428500.0000,5),(46,300000.0000,7000000.0000,73000.0000,584000.0000,109500.0000,7300000.0000,0.0000,6533500.0000,0.0000,1,0.0000,0.0000,8869500.0000,6533500.0000,6),(47,300000.0000,8000000.0000,83000.0000,664000.0000,124500.0000,8300000.0000,0.0000,7428500.0000,0.0000,1,0.0000,0.0000,10084500.0000,7428500.0000,7),(48,300000.0000,8000000.0000,83000.0000,664000.0000,124500.0000,8300000.0000,0.0000,7428500.0000,0.0000,1,0.0000,0.0000,10084500.0000,7428500.0000,8),(49,300000.0000,8000000.0000,83000.0000,664000.0000,124500.0000,8300000.0000,0.0000,7428500.0000,0.0000,1,0.0000,0.0000,10084500.0000,7428500.0000,9),(50,500000.0000,15000000.0000,155000.0000,1240000.0000,232500.0000,15500000.0000,0.0000,13728875.0000,0.0000,1,0.0000,143625.0000,18832500.0000,13728875.0000,10),(51,500000.0000,12000000.0000,125000.0000,1000000.0000,187500.0000,12500000.0000,0.0000,11178125.0000,0.0000,1,0.0000,9375.0000,15187500.0000,11178125.0000,11),(52,500000.0000,18000000.0000,185000.0000,1480000.0000,277500.0000,18500000.0000,0.0000,16251750.0000,0.0000,1,0.0000,305750.0000,22477500.0000,16251750.0000,12),(53,300000.0000,8000000.0000,83000.0000,664000.0000,124500.0000,8300000.0000,0.0000,7428500.0000,0.0000,1,0.0000,0.0000,10084500.0000,7428500.0000,13),(54,300000.0000,7000000.0000,73000.0000,584000.0000,109500.0000,7300000.0000,0.0000,6533500.0000,0.0000,1,0.0000,0.0000,8869500.0000,6533500.0000,14),(55,300000.0000,8000000.0000,83000.0000,664000.0000,124500.0000,8300000.0000,0.0000,7428500.0000,0.0000,1,0.0000,0.0000,10084500.0000,7428500.0000,15),(56,300000.0000,8000000.0000,83000.0000,664000.0000,124500.0000,8300000.0000,0.0000,7428500.0000,0.0000,1,0.0000,0.0000,10084500.0000,7428500.0000,16),(57,300000.0000,8000000.0000,83000.0000,664000.0000,124500.0000,8300000.0000,0.0000,7428500.0000,0.0000,1,0.0000,0.0000,10084500.0000,7428500.0000,17),(58,500000.0000,15000000.0000,155000.0000,1240000.0000,232500.0000,15500000.0000,0.0000,13728875.0000,0.0000,1,0.0000,143625.0000,18832500.0000,13728875.0000,18),(59,500000.0000,12000000.0000,125000.0000,1000000.0000,187500.0000,12500000.0000,0.0000,11178125.0000,0.0000,1,0.0000,9375.0000,15187500.0000,11178125.0000,19),(60,500000.0000,18000000.0000,185000.0000,1480000.0000,277500.0000,18500000.0000,0.0000,16251750.0000,0.0000,1,0.0000,305750.0000,22477500.0000,16251750.0000,20),(61,300000.0000,8000000.0000,83000.0000,664000.0000,124500.0000,8300000.0000,0.0000,7428500.0000,0.0000,1,0.0000,0.0000,10084500.0000,7428500.0000,21),(62,300000.0000,7000000.0000,73000.0000,584000.0000,109500.0000,7300000.0000,0.0000,6533500.0000,0.0000,1,0.0000,0.0000,8869500.0000,6533500.0000,22),(63,300000.0000,8000000.0000,83000.0000,664000.0000,124500.0000,8300000.0000,0.0000,7428500.0000,0.0000,1,0.0000,0.0000,10084500.0000,7428500.0000,23),(64,300000.0000,8000000.0000,83000.0000,664000.0000,124500.0000,8300000.0000,0.0000,7428500.0000,0.0000,1,0.0000,0.0000,10084500.0000,7428500.0000,24),(65,300000.0000,8000000.0000,78555.5600,628444.4400,117833.3300,7855555.5556,0.0000,6864055.5590,166666.6667,1,0.0000,0.0000,9544500.0056,6864055.5600,25),(66,500000.0000,15000000.0000,155000.0000,1240000.0000,232500.0000,15500000.0000,0.0000,13520541.6667,208333.3333,1,0.0000,143625.0000,18832500.0000,13520541.6700,26),(67,500000.0000,12000000.0000,98333.3300,786666.6700,147500.0000,9833333.3332,0.0000,8634166.6665,166666.6667,1,2000000.0000,0.0000,11947499.9932,10634166.6700,27),(68,500000.0000,18000000.0000,185000.0000,1480000.0000,277500.0000,18500000.0000,0.0000,16126750.0000,125000.0000,1,0.0000,305750.0000,22477500.0000,16126750.0000,28),(69,300000.0000,8000000.0000,83000.0000,664000.0000,124500.0000,8300000.0000,0.0000,7428500.0000,0.0000,1,0.0000,0.0000,10084500.0000,7428500.0000,29),(70,300000.0000,7000000.0000,73000.0000,584000.0000,109500.0000,7300000.0000,0.0000,6533500.0000,0.0000,1,0.0000,0.0000,8869500.0000,6533500.0000,30),(71,300000.0000,8000000.0000,83000.0000,664000.0000,124500.0000,8300000.0000,0.0000,7428500.0000,0.0000,1,0.0000,0.0000,10084500.0000,7428500.0000,31),(72,300000.0000,8000000.0000,83000.0000,664000.0000,124500.0000,8300000.0000,0.0000,7428500.0000,0.0000,1,0.0000,0.0000,10084500.0000,7428500.0000,32),(73,300000.0000,8000000.0000,83000.0000,664000.0000,124500.0000,8300000.0000,0.0000,7428500.0000,0.0000,1,0.0000,0.0000,10084500.0000,7428500.0000,33),(74,500000.0000,15000000.0000,155000.0000,1240000.0000,232500.0000,15500000.0000,0.0000,13728875.0000,0.0000,1,0.0000,143625.0000,18832500.0000,13728875.0000,34),(75,500000.0000,12000000.0000,125000.0000,1000000.0000,187500.0000,12500000.0000,0.0000,11178125.0000,0.0000,1,0.0000,9375.0000,15187500.0000,11178125.0000,35),(76,500000.0000,18000000.0000,185000.0000,1480000.0000,277500.0000,18500000.0000,0.0000,16251750.0000,0.0000,1,0.0000,305750.0000,22477500.0000,16251750.0000,36),(77,300000.0000,8000000.0000,83000.0000,664000.0000,124500.0000,8300000.0000,0.0000,7428500.0000,0.0000,1,0.0000,0.0000,10084500.0000,7428500.0000,37),(78,300000.0000,7000000.0000,73000.0000,584000.0000,109500.0000,7300000.0000,0.0000,6533500.0000,0.0000,1,0.0000,0.0000,8869500.0000,6533500.0000,38),(79,300000.0000,8000000.0000,83000.0000,664000.0000,124500.0000,8300000.0000,0.0000,7428500.0000,0.0000,1,0.0000,0.0000,10084500.0000,7428500.0000,39),(80,300000.0000,8000000.0000,83000.0000,664000.0000,124500.0000,8300000.0000,0.0000,7428500.0000,0.0000,1,0.0000,0.0000,10084500.0000,7428500.0000,40),(81,300000.0000,8000000.0000,79190.4800,633523.8100,118785.7100,7919047.6190,0.0000,7087547.6190,0.0000,1,0.0000,0.0000,9621642.8590,7087547.6200,41),(82,500000.0000,15000000.0000,147857.1400,1182857.1400,221785.7100,14785714.2857,0.0000,13121553.5857,0.0000,1,0.0000,111660.7100,17964642.8557,13121553.5900,42),(83,500000.0000,12000000.0000,119285.7100,954285.7100,178928.5700,11928571.4286,0.0000,10676071.4386,0.0000,1,0.0000,0.0000,14493214.2786,10676071.4400,43),(84,500000.0000,18000000.0000,176428.5700,1411428.5700,264642.8600,17642857.1429,0.0000,15550839.2829,0.0000,1,0.0000,239517.8600,21436071.4229,15550839.2800,44),(85,300000.0000,8000000.0000,79190.4800,633523.8100,118785.7100,7919047.6190,0.0000,7087547.6190,0.0000,1,0.0000,0.0000,9621642.8590,7087547.6200,45),(86,300000.0000,7000000.0000,69666.6700,557333.3300,104500.0000,6966666.6667,0.0000,6151833.3334,83333.3333,1,0.0000,0.0000,8464500.0067,6151833.3300,46),(87,300000.0000,8000000.0000,75380.9500,603047.6200,113071.4300,7538095.2380,0.0000,6365642.8570,380952.3810,1,0.0000,0.0000,9158785.7180,6365642.8600,47),(88,300000.0000,8000000.0000,79190.4800,633523.8100,118785.7100,7919047.6190,0.0000,7087547.6190,0.0000,1,0.0000,0.0000,9621642.8590,7087547.6200,48),(89,300000.0000,8000000.0000,83000.0000,664000.0000,124500.0000,8300000.0000,0.0000,7428500.0000,0.0000,1,0.0000,0.0000,10084500.0000,7428500.0000,49),(90,500000.0000,15000000.0000,155000.0000,1240000.0000,232500.0000,15500000.0000,0.0000,13635125.0000,93750.0000,1,0.0000,143625.0000,18832500.0000,13635125.0000,50),(91,500000.0000,12000000.0000,125000.0000,1000000.0000,187500.0000,12500000.0000,0.0000,11178125.0000,0.0000,1,0.0000,9375.0000,15187500.0000,11178125.0000,51),(92,500000.0000,18000000.0000,185000.0000,1480000.0000,277500.0000,18500000.0000,0.0000,16251750.0000,0.0000,1,0.0000,305750.0000,22477500.0000,16251750.0000,52),(93,300000.0000,8000000.0000,83000.0000,664000.0000,124500.0000,8300000.0000,0.0000,7378500.0000,50000.0000,1,0.0000,0.0000,10084500.0000,7378500.0000,53),(94,300000.0000,7000000.0000,73000.0000,584000.0000,109500.0000,7300000.0000,0.0000,6489750.0000,43750.0000,1,0.0000,0.0000,8869500.0000,6489750.0000,54),(95,300000.0000,8000000.0000,83000.0000,664000.0000,124500.0000,8300000.0000,0.0000,7328500.0000,100000.0000,1,0.0000,0.0000,10084500.0000,7328500.0000,55),(96,300000.0000,8000000.0000,83000.0000,664000.0000,124500.0000,8300000.0000,0.0000,7428500.0000,0.0000,1,0.0000,0.0000,10084500.0000,7428500.0000,56),(97,300000.0000,8000000.0000,67000.0000,536000.0100,100500.0000,6700000.0954,0.0000,5956500.0848,40000.0006,0.8,0.0000,0.0000,8140500.1154,5956500.0800,72),(98,300000.0000,7000000.0000,59000.0000,472000.0100,88500.0000,5900000.0834,0.0000,5280500.0734,0.0000,0.8,0.0000,0.0000,7168500.0934,5280500.0700,73),(99,300000.0000,9000000.0000,75000.0000,600000.0100,112500.0000,7500000.1073,0.0000,6712500.0973,0.0000,0.8,0.0000,0.0000,9112500.1273,6712500.1000,74);
/*!40000 ALTER TABLE `payrolls` ENABLE KEYS */;
UNLOCK TABLES;

--
-- Table structure for table `products`
--

DROP TABLE IF EXISTS `products`;
/*!40101 SET @saved_cs_client     = @@character_set_client */;
/*!50503 SET character_set_client = utf8mb4 */;
CREATE TABLE `products` (
  `id` bigint NOT NULL AUTO_INCREMENT,
  `created_at` datetime(6) DEFAULT NULL,
  `image` varchar(255) DEFAULT NULL,
  `name` varchar(255) DEFAULT NULL,
  `price` decimal(19,4) NOT NULL,
  `quantity` int NOT NULL,
  `status` int NOT NULL,
  `updated_at` datetime(6) DEFAULT NULL,
  `supplier_id` bigint DEFAULT NULL,
  `author_id` bigint NOT NULL,
  `category_id` bigint NOT NULL,
  PRIMARY KEY (`id`),
  KEY `FK6i174ixi9087gcvvut45em7fd` (`supplier_id`),
  KEY `FKy2kver9ldog29n3mi9b12w64` (`author_id`),
  KEY `FKog2rp4qthbtt2lfyhfo32lsw9` (`category_id`),
  CONSTRAINT `FK6i174ixi9087gcvvut45em7fd` FOREIGN KEY (`supplier_id`) REFERENCES `suppliers` (`id`),
  CONSTRAINT `FKog2rp4qthbtt2lfyhfo32lsw9` FOREIGN KEY (`category_id`) REFERENCES `categories` (`id`),
  CONSTRAINT `FKy2kver9ldog29n3mi9b12w64` FOREIGN KEY (`author_id`) REFERENCES `authors` (`id`)
) ENGINE=InnoDB AUTO_INCREMENT=21 DEFAULT CHARSET=utf8mb4 COLLATE=utf8mb4_0900_ai_ci;
/*!40101 SET character_set_client = @saved_cs_client */;

--
-- Dumping data for table `products`
--

LOCK TABLES `products` WRITE;
/*!40000 ALTER TABLE `products` DISABLE KEYS */;
INSERT INTO `products` VALUES (1,'2024-02-15 11:30:45.000000','https://picsum.photos/200?random=1','c Nhn Tm',120000.0000,0,1,'2025-05-03 15:43:44.927755',1,1,1),(2,'2024-02-10 09:15:20.000000','https://picsum.photos/200?random=2','Nh Gi Kim',99000.0000,2,1,'2025-05-03 15:43:44.928755',1,2,2),(3,'2024-01-05 14:10:00.000000','https://picsum.photos/200?random=3','Ti Thy Hoa Vng Trn C Xanh',85000.0000,0,1,'2024-02-20 10:45:12.000000',2,3,3),(4,'2024-03-01 10:20:30.000000','https://picsum.photos/200?random=4','Qung Gnh Lo i & Vui Sng',110000.0000,0,1,'2024-03-08 12:00:00.000000',2,4,4),(5,'2024-02-18 09:45:00.000000','https://picsum.photos/200?random=5','B Mt Ca May Mn',150000.0000,0,1,'2024-03-06 11:30:15.000000',3,5,5),(6,'2024-01-22 13:50:10.000000','https://picsum.photos/200?random=6','Dm Ngh Ln',180000.0000,0,1,'2024-02-28 15:20:30.000000',3,6,6),(7,'2023-12-30 08:25:45.000000','https://picsum.photos/200?random=7','Mun Kip Nhn Sinh',145000.0000,0,1,'2024-02-27 17:15:20.000000',4,7,7),(8,'2023-11-15 10:40:30.000000','https://picsum.photos/200?random=8','Hiu V Tri Tim',97000.0000,0,1,'2024-02-25 09:35:10.000000',4,8,8),(9,'2023-10-28 12:05:15.000000','https://picsum.photos/200?random=9','C Ph Cng Tony',132000.0000,0,1,'2024-02-23 14:10:00.000000',5,9,9),(10,'2023-09-18 11:20:10.000000','https://picsum.photos/200?random=10','Ngi Giu C Nht Thnh Babylon',119000.0000,0,1,'2024-02-21 10:00:45.000000',5,10,10),(11,'2025-03-29 12:00:00.000000','https://picsum.photos/200?random=11','Sch hay 11',105000.0000,0,1,'2025-03-29 12:00:00.000000',1,5,3),(12,'2025-03-29 12:00:00.000000','https://picsum.photos/200?random=12','Sch hay 12',95000.0000,0,1,'2025-03-29 12:00:00.000000',2,7,2),(13,'2025-03-29 12:00:00.000000','https://picsum.photos/200?random=13','Sch hay 13',120000.0000,0,1,'2025-03-29 12:00:00.000000',3,9,5),(14,'2025-03-29 12:00:00.000000','https://picsum.photos/200?random=14','Sch hay 14',87000.0000,0,1,'2025-03-29 12:00:00.000000',1,11,4),(15,'2025-03-29 12:00:00.000000','https://picsum.photos/200?random=15','Sch hay 15',99000.0000,0,1,'2025-03-29 12:00:00.000000',2,3,6),(16,'2025-03-29 12:00:00.000000','https://picsum.photos/200?random=16','Sch hay 16',102000.0000,0,1,'2025-03-29 12:00:00.000000',3,2,7),(17,'2025-03-29 12:00:00.000000','https://picsum.photos/200?random=17','Sch hay 17',89000.0000,0,1,'2025-03-29 12:00:00.000000',4,10,1),(18,'2025-03-29 12:00:00.000000','https://picsum.photos/200?random=18','Sch hay 18',113000.0000,0,1,'2025-03-29 12:00:00.000000',1,8,9),(19,'2025-03-29 12:00:00.000000','https://picsum.photos/200?random=19','Sch hay 19',97000.0000,0,1,'2025-03-29 12:00:00.000000',2,4,3),(20,'2025-03-29 12:00:00.000000','https://picsum.photos/200?random=20','Sch hay 20',125000.0000,0,1,'2025-03-29 12:00:00.000000',3,6,5);
/*!40000 ALTER TABLE `products` ENABLE KEYS */;
UNLOCK TABLES;

--
-- Table structure for table `roles`
--

DROP TABLE IF EXISTS `roles`;
/*!40101 SET @saved_cs_client     = @@character_set_client */;
/*!50503 SET character_set_client = utf8mb4 */;
CREATE TABLE `roles` (
  `id` bigint NOT NULL AUTO_INCREMENT,
  `description` varchar(255) DEFAULT NULL,
  `name` varchar(255) DEFAULT NULL,
  `status` int NOT NULL,
  `allowance_id` bigint DEFAULT NULL,
  PRIMARY KEY (`id`),
  KEY `FKnj5d9lwo7ruxeja5o2u6yb40e` (`allowance_id`),
  CONSTRAINT `FKnj5d9lwo7ruxeja5o2u6yb40e` FOREIGN KEY (`allowance_id`) REFERENCES `allowances` (`id`)
) ENGINE=InnoDB AUTO_INCREMENT=9 DEFAULT CHARSET=utf8mb4 COLLATE=utf8mb4_0900_ai_ci;
/*!40101 SET character_set_client = @saved_cs_client */;

--
-- Dumping data for table `roles`
--

LOCK TABLES `roles` WRITE;
/*!40000 ALTER TABLE `roles` DISABLE KEYS */;
INSERT INTO `roles` VALUES (1,'Qun tr vin h thng, c ton quyn qun l','ADMIN',1,NULL),(2,'Nhn vin lm vic trong h thng','EMPLOYEE',1,2),(3,'Qun l nhn s, chu trch nhim v h s nhn s','HR_MANAGER',1,1),(4,'Qun l kho, gim st hng tn kho, nhp xut hng ha','WAREHOUSE_MANAGER',1,1),(5,'Qun l kinh doanh, chu trch nhim v chin lc kinh doanh','BUSINESS_MANAGER',1,1);
/*!40000 ALTER TABLE `roles` ENABLE KEYS */;
UNLOCK TABLES;

--
-- Table structure for table `seniority_levels`
--

DROP TABLE IF EXISTS `seniority_levels`;
/*!40101 SET @saved_cs_client     = @@character_set_client */;
/*!50503 SET character_set_client = utf8mb4 */;
CREATE TABLE `seniority_levels` (
  `id` bigint NOT NULL AUTO_INCREMENT,
  `description` mediumtext NOT NULL,
  `level_name` varchar(100) NOT NULL,
  `salary_coefficient` float NOT NULL,
  `status` int NOT NULL,
  `role_id` bigint NOT NULL,
  PRIMARY KEY (`id`),
  KEY `FK42hqucc3nfs0pvgu51i74oq13` (`role_id`),
  CONSTRAINT `FK42hqucc3nfs0pvgu51i74oq13` FOREIGN KEY (`role_id`) REFERENCES `roles` (`id`),
  CONSTRAINT `seniority_levels_chk_2` CHECK ((`salary_coefficient` <= 5))
) ENGINE=InnoDB AUTO_INCREMENT=18 DEFAULT CHARSET=utf8mb4 COLLATE=utf8mb4_0900_ai_ci;
/*!40101 SET character_set_client = @saved_cs_client */;

--
-- Dumping data for table `seniority_levels`
--

LOCK TABLES `seniority_levels` WRITE;
/*!40000 ALTER TABLE `seniority_levels` DISABLE KEYS */;
INSERT INTO `seniority_levels` VALUES (1,'Nhn vin mi vo lm, ang trong giai on th vic','Th vic',0.8,1,2),(2,'Nhn vin  hon thnh th vic v lm vic di 1 nm.','Nhn vin bc 1',1,1,2),(3,'Nhn vin  lm vic t 1 n 3 nm trong cng ty','Nhn vin bc 2',1.3,1,2),(4,'Nhn vin  gn b vi cng ty t 3 nm tr ln.','Nhn vin bc 3',1.5,1,2),(5,'Qun l nhn s mi c b nhim.','Qun l nhn s bc 1',1,1,3),(6,'Qun l nhn s  c kinh nghim t 1-3 nm.','Qun l nhn s bc 2',1.2,1,3),(7,'Qun l nhn s  lm vic trn 3 nm.','Qun l nhn s bc 3',1.5,1,3),(8,'Qun l kho mi c b nhim.','Qun l kho bc 1',1,1,4),(9,'Qun l kho  c kinh nghim t 1-3 nm.','Qun l kho bc 2',1.2,1,4),(10,'Qun l kho  lm vic trn 3 nm.','Qun l kho bc 3',1.5,1,4),(11,'Qun l kho mi c b nhim.','Qun l kinh doanh bc 1',1,1,5),(12,'Qun l kho  c kinh nghim t 1-3 nm.','Qun l kinh doanh kho bc 2',1.4,1,5),(13,'Qun l kho  lm vic trn 3 nm.','Qun l kinh doanh kho bc 3',1.8,1,5),(14,'ADMIN','ADMIN',1,1,1);
/*!40000 ALTER TABLE `seniority_levels` ENABLE KEYS */;
UNLOCK TABLES;

--
-- Table structure for table `staff_statistic_of_month`
--

DROP TABLE IF EXISTS `staff_statistic_of_month`;
/*!40101 SET @saved_cs_client     = @@character_set_client */;
/*!50503 SET character_set_client = utf8mb4 */;
CREATE TABLE `staff_statistic_of_month` (
  `id` bigint NOT NULL AUTO_INCREMENT,
  `active_employees` int NOT NULL,
  `avg_age` float NOT NULL,
  `avg_tenure` float NOT NULL,
  `contract_expired` int NOT NULL,
  `gender_ratio` varchar(255) DEFAULT NULL,
  `month_of_year` varchar(255) DEFAULT NULL,
  `new_employees` int NOT NULL,
  `permanent_employees` int NOT NULL,
  `probation_employees` int NOT NULL,
  PRIMARY KEY (`id`)
) ENGINE=InnoDB AUTO_INCREMENT=9 DEFAULT CHARSET=utf8mb4 COLLATE=utf8mb4_0900_ai_ci;
/*!40101 SET character_set_client = @saved_cs_client */;

--
-- Dumping data for table `staff_statistic_of_month`
--

LOCK TABLES `staff_statistic_of_month` WRITE;
/*!40000 ALTER TABLE `staff_statistic_of_month` DISABLE KEYS */;
INSERT INTO `staff_statistic_of_month` VALUES (2,8,25.125,0,0,'62.5%','2024-10',0,8,0),(3,8,25.25,0,0,'62.5%','2024-11',0,8,0),(4,8,25.375,0,0,'62.5%','2024-12',0,8,0),(5,8,25.375,0,0,'62.5%','2025-01',0,8,0),(6,8,25.375,0,0,'62.5%','2025-02',0,8,0),(7,11,24.7273,0,0,'63.636364%','2025-03',3,8,3),(8,11,24.9091,0,0,'63.636364%','2025-04',0,8,3);
/*!40000 ALTER TABLE `staff_statistic_of_month` ENABLE KEYS */;
UNLOCK TABLES;

--
-- Table structure for table `staff_statistic_of_year`
--

DROP TABLE IF EXISTS `staff_statistic_of_year`;
/*!40101 SET @saved_cs_client     = @@character_set_client */;
/*!50503 SET character_set_client = utf8mb4 */;
CREATE TABLE `staff_statistic_of_year` (
  `id` bigint NOT NULL AUTO_INCREMENT,
  `year` varchar(255) DEFAULT NULL,
  `active_employees` int NOT NULL,
  `avg_age` float NOT NULL,
  `avg_tenure` float NOT NULL,
  `contract_expired` int NOT NULL,
  `gender_ratio` varchar(255) DEFAULT NULL,
  `new_employees` int NOT NULL,
  `permanent_employees` int NOT NULL,
  `probation_employees` int NOT NULL,
  PRIMARY KEY (`id`)
) ENGINE=InnoDB AUTO_INCREMENT=5 DEFAULT CHARSET=utf8mb4 COLLATE=utf8mb4_0900_ai_ci;
/*!40101 SET character_set_client = @saved_cs_client */;

--
-- Dumping data for table `staff_statistic_of_year`
--

LOCK TABLES `staff_statistic_of_year` WRITE;
/*!40000 ALTER TABLE `staff_statistic_of_year` DISABLE KEYS */;
INSERT INTO `staff_statistic_of_year` VALUES (3,'2024',8,25.375,0,0,'62.5%',8,8,0),(4,'2025',11,25.7273,0.727273,0,'63.636364%',3,8,3);
/*!40000 ALTER TABLE `staff_statistic_of_year` ENABLE KEYS */;
UNLOCK TABLES;

--
-- Table structure for table `suppliers`
--

DROP TABLE IF EXISTS `suppliers`;
/*!40101 SET @saved_cs_client     = @@character_set_client */;
/*!50503 SET character_set_client = utf8mb4 */;
CREATE TABLE `suppliers` (
  `id` bigint NOT NULL AUTO_INCREMENT,
  `address` varchar(255) DEFAULT NULL,
  `created_at` datetime(6) DEFAULT NULL,
  `name` varchar(255) DEFAULT NULL,
  `phone_number` varchar(255) DEFAULT NULL,
  `status` int NOT NULL,
  `updated_at` datetime(6) DEFAULT NULL,
  `percentage` double NOT NULL,
  `email` varchar(255) DEFAULT NULL,
  PRIMARY KEY (`id`)
) ENGINE=InnoDB AUTO_INCREMENT=21 DEFAULT CHARSET=utf8mb4 COLLATE=utf8mb4_0900_ai_ci;
/*!40101 SET character_set_client = @saved_cs_client */;

--
-- Dumping data for table `suppliers`
--

LOCK TABLES `suppliers` WRITE;
/*!40000 ALTER TABLE `suppliers` DISABLE KEYS */;
INSERT INTO `suppliers` VALUES (1,'H Ni, Vit Nam','2024-01-01 12:00:00.000000','Nh Xut Bn Kim ng','+84-24-3851-4352',1,'2024-03-10 14:20:30.000000',10,'contact@kimdong.vn'),(2,'TP.HCM, Vit Nam','2023-11-15 09:15:00.000000','NXB Tr','+84-28-3930-0700',1,'2024-02-28 16:45:12.000000',15,'info@nxbtre.vn'),(3,'H Ni, Vit Nam','2024-02-05 08:50:30.000000','Nh Xut Bn Gio Dc','+84-24-3869-2694',1,'2024-03-01 10:10:00.000000',20,'support@giaoduc.vn'),(4,'TP.HCM, Vit Nam','2024-02-10 07:45:20.000000','Nh Sch Fahasa','+84-28-3829-2180',1,'2024-03-05 13:55:12.000000',18,'contact@fahasa.com'),(5,'TP.HCM, Vit Nam','2023-12-20 15:22:10.000000','Tiki Trading','+84-28-7300-9999',1,'2024-02-15 09:10:30.000000',12,'info@tiki.vn'),(6,'TP.HCM, Vit Nam','2023-12-01 11:30:00.000000','Vinabook','+84-28-7301-8886',1,'2024-02-25 14:40:20.000000',25,'support@vinabook.com'),(7,'H Ni, Vit Nam','2023-11-25 10:00:00.000000','Nh Xut Bn Vn Hc','+84-24-3944-3631',1,'2024-03-01 12:30:00.000000',30,'sales@vanhoc.vn'),(8,'TP.HCM, Vit Nam','2023-10-10 15:45:12.000000','NXB Tng Hp TP.HCM','+84-28-3829-7140',1,'2024-03-02 14:55:30.000000',22,'info@nxbtonghop.vn'),(9,'H Ni, Vit Nam','2023-09-15 14:22:40.000000','Nh Xut Bn i Hc Quc Gia','+84-24-3754-7505',1,'2024-03-03 11:12:50.000000',28,'sales@dhqg.vn'),(10,'TP.HCM, Vit Nam','2023-08-30 09:30:00.000000','Nh Sch Phng Nam','+84-28-7303-1666',1,'2024-02-28 10:45:00.000000',35,'info@phuongnambook.vn');
/*!40000 ALTER TABLE `suppliers` ENABLE KEYS */;
UNLOCK TABLES;

--
-- Table structure for table `tokens`
--

DROP TABLE IF EXISTS `tokens`;
/*!40101 SET @saved_cs_client     = @@character_set_client */;
/*!50503 SET character_set_client = utf8mb4 */;
CREATE TABLE `tokens` (
  `id` bigint NOT NULL AUTO_INCREMENT,
  `access_token` varchar(255) DEFAULT NULL,
  `created_at` datetime(6) DEFAULT NULL,
  `refresh_token` varchar(255) DEFAULT NULL,
  `updated_at` datetime(6) DEFAULT NULL,
  `username` varchar(255) DEFAULT NULL,
  PRIMARY KEY (`id`),
  UNIQUE KEY `UK7nq3j9mbmotv8kv3nv9kbcb7c` (`username`)
) ENGINE=InnoDB AUTO_INCREMENT=13 DEFAULT CHARSET=utf8mb4 COLLATE=utf8mb4_0900_ai_ci;
/*!40101 SET character_set_client = @saved_cs_client */;

--
-- Dumping data for table `tokens`
--

LOCK TABLES `tokens` WRITE;
/*!40000 ALTER TABLE `tokens` DISABLE KEYS */;
INSERT INTO `tokens` VALUES (9,'eyJhbGciOiJIUzI1NiJ9.eyJzdWIiOiJFTVBMT1lFRSIsImlhdCI6MTc0NjI2MTczMiwiZXhwIjoxNzQ2MjY1MzMyfQ.yf3DwLdP0XaLW9chyv7yPXnPAJ7LGQhw9etnLQryXXY','2025-05-03 14:02:29.955047','eyJhbGciOiJIUzI1NiJ9.eyJzdWIiOiJFTVBMT1lFRSIsImlhdCI6MTc0NjI2MTczMiwiZXhwIjoxNzQ3NDcxMzMyfQ.IpBuPLxsgBpSnEb6gNzQ3x2u5urWu0KiUS5r8BnEHx8','2025-05-03 15:42:12.689883','EMPLOYEE'),(10,'eyJhbGciOiJIUzI1NiJ9.eyJzdWIiOiJIUl9NQU5BR0VSIiwiaWF0IjoxNzQ2MjU3OTQ0LCJleHAiOjE3NDYyNjE1NDR9.WN5Ok1moRq4zrBrXabOFVYi3b0Pw3lNkJmlnbh71xjc','2025-05-03 14:39:04.644060','eyJhbGciOiJIUzI1NiJ9.eyJzdWIiOiJIUl9NQU5BR0VSIiwiaWF0IjoxNzQ2MjU3OTQ0LCJleHAiOjE3NDc0Njc1NDR9.wOtwcsPXWcK60ehv7lGXrCIgftt8RaA-KmNfFY3O7eU','2025-05-03 14:39:04.644060','HR_MANAGER'),(11,'eyJhbGciOiJIUzI1NiJ9.eyJzdWIiOiJXQVJFSE9VU0VfTUFOQUdFUiIsImlhdCI6MTc0NjI2MjI4MiwiZXhwIjoxNzQ2MjY1ODgyfQ.bMCyAohS4oobb8545E-4O0rI3ejzFm88MNunZMtOkT0','2025-05-03 14:57:53.755355','eyJhbGciOiJIUzI1NiJ9.eyJzdWIiOiJXQVJFSE9VU0VfTUFOQUdFUiIsImlhdCI6MTc0NjI2MjI4MiwiZXhwIjoxNzQ3NDcxODgyfQ.IsS5i_RivAH9xN8fENsgLPkQZ5PhzkMhkguZQPCNETI','2025-05-03 15:51:22.203712','WAREHOUSE_MANAGER'),(12,'eyJhbGciOiJIUzI1NiJ9.eyJzdWIiOiJCVVNJTkVTU19NQU5BR0VSIiwiaWF0IjoxNzQ2MjYyMjg4LCJleHAiOjE3NDYyNjU4ODh9.h96i-Y3seLt_KiaciOlpI54jvITQWVCN09Vjtm2k824','2025-05-03 15:27:52.091394','eyJhbGciOiJIUzI1NiJ9.eyJzdWIiOiJCVVNJTkVTU19NQU5BR0VSIiwiaWF0IjoxNzQ2MjYyMjg4LCJleHAiOjE3NDc0NzE4ODh9.tamtvvxDVImj3eeTptQUv0v_ly6BP2EfU9DtBd-hqBM','2025-05-03 15:51:28.299862','BUSINESS_MANAGER');
/*!40000 ALTER TABLE `tokens` ENABLE KEYS */;
UNLOCK TABLES;

--
-- Table structure for table `users`
--

DROP TABLE IF EXISTS `users`;
/*!40101 SET @saved_cs_client     = @@character_set_client */;
/*!50503 SET character_set_client = utf8mb4 */;
CREATE TABLE `users` (
  `id` bigint NOT NULL AUTO_INCREMENT,
  `address` varchar(255) DEFAULT NULL,
  `created_at` datetime(6) DEFAULT NULL,
  `date_of_birth` date DEFAULT NULL,
  `email` varchar(255) DEFAULT NULL,
  `full_name` varchar(255) DEFAULT NULL,
  `gender` tinyint DEFAULT NULL,
  `last_login` datetime(6) DEFAULT NULL,
  `password` varchar(255) DEFAULT NULL,
  `phone_number` varchar(255) DEFAULT NULL,
  `status` int NOT NULL,
  `updated_at` datetime(6) DEFAULT NULL,
  `username` varchar(255) DEFAULT NULL,
  PRIMARY KEY (`id`),
  CONSTRAINT `users_chk_1` CHECK ((`gender` between 0 and 2))
) ENGINE=InnoDB AUTO_INCREMENT=14 DEFAULT CHARSET=utf8mb4 COLLATE=utf8mb4_0900_ai_ci;
/*!40101 SET character_set_client = @saved_cs_client */;

--
-- Dumping data for table `users`
--

LOCK TABLES `users` WRITE;
/*!40000 ALTER TABLE `users` DISABLE KEYS */;
INSERT INTO `users` VALUES (2,'H Ni, Vit Nam','2024-09-30 21:00:35.000173','1990-05-15','an.nguyen@example.com','Nguyn Vn An',0,NULL,'$2a$10$NFNUzoBf7f59miXiM2blcuTD9EuI3vL5WYrDkx6NR4hCRbjmna182','0987654321',1,NULL,'ADMIN'),(3,'303 in Bin Ph, Qun Bnh Thnh, TP.HCM','2024-09-30 21:00:35.000173','2000-12-01','khanh.buivan@example.com','L Minh Tun',0,NULL,'$2a$10$TzHTltW4noCq7fImmoNFLu2IlVxx4uVe7zErmj74Nuh0Wa.gI8AjS','0945678901',1,'2025-05-03 13:58:18.868286','EMPLOYEE'),(4,' Nng, Vit Nam','2024-09-30 21:00:35.000173','1988-09-10','tuan.le@example.com','L Minh Tun',0,NULL,'$2a$10$VEsW6l63BLabq2XkGmWYxuVd7M/PVVVd44o8NcW0Y6.O213FOqBCy','0965432109',1,NULL,'HR_MANAGER'),(5,'Hi Phng, Vit Nam','2024-09-30 21:00:35.000173','1992-11-25','huy.pham@example.com','Phm Quang Huy',0,NULL,'$2a$10$WWub6z22bRw8lYBKHMbHxujIRI.R6GLVNU8whAYNiXemPQB3.i7Gm','0954321098',1,NULL,'WAREHOUSE_MANAGER'),(6,'Cn Th, Vit Nam','2024-09-30 21:00:35.000173','1993-04-30','lan.do@example.com',' Th Lan',1,NULL,'$2a$10$7u0rWM7puzgWD6GQWyUzsuuJfXJYzTZsAyONEkZCe/hX8uuxPxQcK','0943210987',1,NULL,'BUSINESS_MANAGER'),(7,'Cn Th, Vit Nam','2024-09-30 21:00:35.000173','2004-04-30','b.do@example.com','Trn Vn B',1,NULL,'$2a$10$6wREgitUmxIbQYIey.q.D.fraUnpdW1vZx.ulyqSSotk2vcQqsJhe','0943210987',1,NULL,'tranvanb'),(8,'Cn Th, Vit Nam','2024-09-30 21:00:35.000173','2004-05-30','leminh.do@example.com','L Minh',0,NULL,'$2a$10$2jrEIUyvEau1SDR9lEbwQu0U6kA6Gw0dWb3y29/lVFKbYjW7mbb5S','0943210987',1,NULL,'leminh'),(9,'Bnh nh, Vit Nam','2024-09-30 21:00:35.000173','2004-05-30','tuminh.do@example.com','Trn Minh T',0,NULL,'$2a$10$boTmf7KreJtjRtnQ.sHqEuFWOdiP3mhFC5PcbwDyt6Y8VrBMi/NIe','0943210987',1,NULL,'tutran'),(10,'Bnh nh, Vit Nam','2024-09-30 21:00:35.000173','2004-05-30','nguyetminh.do@example.com','L Th Minh Nguyt',1,NULL,'$2a$10$LmJK8B9VjdYoGwx2sek7Au2jSuVN980wHXUo2QvI6JAR5OcZJ0I4u','0943210987',1,NULL,'minhnguyet'),(11,'Hu Giang, Vit Nam','2025-03-31 08:07:07.335343','2001-05-30','nguyetminhty.do@example.com','Trn Minh Nguyn',0,NULL,'$2a$10$jlU7DQs9rw/RnBUSUKZj3uobuhm1OlYaW9BHW1b9f6P0e2i81R7/m','0943210987',1,NULL,'minhhsnasxxgryet'),(12,'Kin Giang, Vit Nam','2025-03-31 08:07:07.335343','2001-05-30','nguyetmiaanhty.do@example.com','L Trung Ngha',0,NULL,'$2a$10$s7h0JXE67oshhLqLCK0IM.tDfuvM/EeXGGq0WplbW1SPwHHyaaE9K','0943210987',1,NULL,'trungnghia'),(13,'Ph Yn, Vit Nam','2025-03-31 08:07:07.335343','2001-05-30','thanhhang.do@example.com','Nguyn Thanh Hng',1,NULL,'$2a$10$nt8YOSoZQnDRa0TIDJIEYeehElx.DkeFbyMCuBu7hBcbsKwSpodcC','0943210987',1,NULL,'thanhhang');
/*!40000 ALTER TABLE `users` ENABLE KEYS */;
UNLOCK TABLES;
/*!40103 SET TIME_ZONE=@OLD_TIME_ZONE */;

/*!40101 SET SQL_MODE=@OLD_SQL_MODE */;
/*!40014 SET FOREIGN_KEY_CHECKS=@OLD_FOREIGN_KEY_CHECKS */;
/*!40014 SET UNIQUE_CHECKS=@OLD_UNIQUE_CHECKS */;
/*!40101 SET CHARACTER_SET_CLIENT=@OLD_CHARACTER_SET_CLIENT */;
/*!40101 SET CHARACTER_SET_RESULTS=@OLD_CHARACTER_SET_RESULTS */;
/*!40101 SET COLLATION_CONNECTION=@OLD_COLLATION_CONNECTION */;
/*!40111 SET SQL_NOTES=@OLD_SQL_NOTES */;

-- Dump completed on 2025-05-13 18:58:41
